show,notes,destinationID,google_place,google_place_id,user_entered_place,count,lat,lon,Record ID,timedstamp,Last Modified,Category,Notes,first_name,description
TRUE,,1,Universal Studios Hollywood,ChIJzzgyJU--woARcZqceSdQ3dM,Universal Studios Hollywood,7,34.1381168,-118.3533783,reckOrduLF1yxn4UP,9/23/2023 11:12 AM,9/25/2023 9:26 PM,Amusement Park,,,
FALSE,Too general,2,Santa Monica,ChIJGQCRws6kwoARq_Uj_7UKF7Q,Santa Monica,5,34.0194543,-118.4911912,reccxn46gUEpZzBTs,9/23/2023 10:22 AM,9/25/2023 9:26 PM,City/Neighborhood,,,
TRUE,,3,The Shops at Santa Anita,ChIJ4YnG77zbwoARFQvP5LH-EVg,The Shops at Santa Anita,4,34.1343827,-118.0515692,recPH9nthosqwL3lE,9/18/2023 2:13 PM,9/25/2023 9:26 PM,Museum,,,
FALSE,Not in LA County,4,Knott's Berry Farm,ChIJo3h_9V8p3YARVTAekE45jq4,Knott's Berry Farm,4,33.8443038,-118.0002265,recVBTFtAHfL4G1pZ,9/23/2023 11:14 AM,9/25/2023 9:26 PM,Amusement Park,,,
FALSE,Too general,5,North Hollywood,ChIJ0TEA7NOVwoARtPDh3nGzOC0,North Hollywood,3,34.1794165,-118.3790527,recJAINgabsV5uo9V,9/23/2023 10:22 AM,9/25/2023 9:27 PM,City/Neighborhood,,,
FALSE,Not in LA County,6,Irvine,ChIJ40CRaA7d3IAROZpKYHW1eqc,Irvine,3,33.6845673,-117.8265049,recQCrmuVCyICcezw,9/23/2023 11:12 AM,9/25/2023 9:27 PM,City/Neighborhood,,,
FALSE,Too general,7,Long Beach,ChIJWdeZQOjKwoARqo8qxPo6AKE,Long Beach,3,33.7700504,-118.1937395,recWnB0r0ME4SXk1R,9/23/2023 11:13 AM,9/25/2023 9:27 PM,City/Neighborhood,,,
FALSE,Too general,8,Pasadena,ChIJUQszONzCwoARSo_RGhZBKwU,Pasadena,3,34.1477849,-118.1445155,recS5jpJZLtBeLIal,9/23/2023 11:13 AM,9/25/2023 9:27 PM,City/Neighborhood,,,
FALSE,Airport,9,Los Angeles International Airport,ChIJtU-yE9KwwoAR8a2LaVd7qHc,LAX airport (LAX),3,33.9437902,-118.4091036,recZYpTKlcfh07IAx,9/23/2023 11:14 AM,9/25/2023 9:56 PM,Airport,,,
TRUE,,10,Westfield Topanga,ChIJNdePchicwoAR-ILRf9WvVmk,Westfield Topanga,2,34.1901855,-118.6038464,recHlO5ipXS4P41Xx,9/18/2023 2:13 PM,9/25/2023 9:28 PM,Mall/Shopping Area,,,
FALSE,Too general,11,Van Nuys,ChIJa-i6-hqXwoARSIjZDHu_cMg,Van Nuys,2,34.1898566,-118.451357,recWnTGJJqa45umz9,9/23/2023 10:22 AM,9/25/2023 9:28 PM,City/Neighborhood,,,
TRUE,,12,Downtown Santa Monica,ChIJFwxnxM-kwoARewIypbH6UsU,Downtown Santa Monica,2,34.0160639,-118.4962272,recv57Ff9X7fYEUTF,9/23/2023 10:24 AM,9/25/2023 9:28 PM,City/Neighborhood,,,
TRUE,,13,Chinatown,ChIJjTEM9VnGwoARriA4nQq4_-I,Chinatown,2,34.0623339,-118.2383309,recARGTOMbMDdsLTJ,9/23/2023 11:12 AM,9/25/2023 9:29 PM,City/Neighborhood,,,
TRUE,,14,Glendale Galleria,ChIJldB7Af_AwoAR9JS8bg2d5EY,Glendale Galleria,2,34.1462627,-118.2567687,recbTDILaEelq9BeS,9/23/2023 11:12 AM,9/25/2023 9:29 PM,Mall/Shopping Area,,,
FALSE,Not in LA County,15,Ontario Mills,ChIJmWlKI4I1w4ARNPXDRshtYCw,Ontario Mills,2,34.0729887,-117.5520272,recdPhqhqvEmtukML,9/23/2023 11:12 AM,9/25/2023 9:29 PM,Mall/Shopping Area,,,
FALSE,"In Tustin, not LA County",16,Micro Center,ChIJCd0kSVbZ3IAR7od9k5MdJUM,Micro Center,2,33.7245483,-117.8328988,recf2ZTf1TdEWE9UJ,9/23/2023 11:12 AM,9/25/2023 9:29 PM,Store,,,
FALSE,Not in LA County,17,Anaheim,ChIJZ-hVgPnW3IARYLErmquJqwE,Anaheim,2,33.8365932,-117.9143012,rec9pTSfFbxFvhm6L,9/23/2023 11:13 AM,9/25/2023 9:29 PM,City/Neighborhood,,,
FALSE,Too general,18,Beverly Hills,ChIJq0fR1gS8woAR0R4I_XnDx9Y,Beverly Hills,2,34.0736204,-118.4003563,recBKpZrWTTvSd5n4,9/23/2023 11:13 AM,9/25/2023 9:29 PM,City/Neighborhood,,,
FALSE,Too general,19,Simi Valley,ChIJATNWW2wu6IARTUPTlI5Z4PQ,Simi Valley,2,34.2694474,-118.781482,recHOiOni4p43tzGE,9/23/2023 11:13 AM,9/25/2023 9:29 PM,City/Neighborhood,,,
TRUE,,20,Historic Filipinotown,ChIJ-c1U8A7HwoARsLpMtDFos-Q,Historic Filipinotown,2,34.0702694,-118.2680383,recYsIvxLjslXfQ3U,9/23/2023 11:13 AM,9/25/2023 9:29 PM,City/Neighborhood,,,
FALSE,Not in LA County,21,Montclair,ChIJ8RlonC4yw4AR2_SOX9D1JH4,Montclair,2,34.0775104,-117.6897776,rec3TDMbIZtHMYvIC,9/23/2023 11:13 AM,9/25/2023 9:30 PM,City/Neighborhood,,,
FALSE,Not in LA County,22,Ventura County,ChIJqXcAstJi6YARs7DDR_CQld0,Ventura County,2,34.3704884,-119.1390642,recTlWuDdflhKVXmk,9/23/2023 11:13 AM,9/25/2023 9:30 PM,City/Neighborhood,,,
TRUE,,23,Pie 'n Burger,ChIJl20emKDEwoARq9rDare76HM,Pie 'n Burger,2,34.1360062,-118.1314835,recqIu7XjM0sRzAw8,9/23/2023 11:14 AM,9/25/2023 9:30 PM,Food,,,
FALSE,Not in LA County,24,Riverside County,ChIJr3EqHoH12oARjSkNIFgUKF8,Riverside County,2,33.6825587,-115.4733554,recSxhOptDwnN3xq6,9/23/2023 11:15 AM,9/25/2023 9:30 PM,City/Neighborhood,,,
TRUE,,25,Hollywood Bowl,ChIJMwknwRu_woAR_eI2OM9ib2o,Hollywood Bowl,2,34.112224,-118.3391279,recLGQxR7BJ35qZOi,9/23/2023 11:16 AM,9/25/2023 9:31 PM,Entertainment Venue,,,
TRUE,,26,Staples Center,ChIJOf2e9bjHwoARt-RVxxwSofc,Staples Center,2,34.0429909,-118.2673753,recPlhtxWodx1dRyW,9/23/2023 11:16 AM,9/25/2023 9:31 PM,Sports Venue,,,
FALSE,Too general,27,Hollywood,ChIJv3lSBAe_woAR5Pq9l2eaevY,Hollywood,2,34.0928092,-118.3286614,recDN8nHJmbFhIv4u,9/23/2023 11:16 AM,9/25/2023 9:32 PM,City/Neighborhood,,,
FALSE,Not in LA County,28,San Diego County,ChIJHWD_IzDr24ARKAeA6yv9DTU,San Diego County,2,33.0933809,-116.6081653,recXHpvtpKJA3yAzs,9/23/2023 11:16 AM,9/25/2023 9:32 PM,City/Neighborhood,,,
TRUE,,29,"University of California, Los Angeles",ChIJZQ9c8IW8woARN0gTXFiTqSU,UCLA,2,34.0699182,-118.4438495,recoQSzr9ojfdSOEZ,9/23/2023 11:17 AM,9/25/2023 9:32 PM,School,,,
FALSE,Not in LA County,30,Irvine Spectrum Center,ChIJqcAVyFfd3IARAv9WXcg2dL0,Irvine Spectrum Center,2,33.6508815,-117.7441118,recneJjXivngZWgYf,9/23/2023 11:20 AM,9/25/2023 9:32 PM,Mall/Shopping Area,,,
TRUE,,31,MaDang Courtyard,ChIJjbpowZq4woARmC0BDdyn15g,MaDang Courtyard,1,34.0630037,-118.3100826,rec1lewBIaCrqTeyV,9/18/2023 2:12 PM,9/25/2023 9:32 PM,Mall/Shopping Area,,,
FALSE,Too general,32,Toluca Lake,ChIJHeib5jO-woARekf-TO20oyE,Toluca Lake,1,34.1501794,-118.3549609,recQKfjAAkpaUkXeA,9/18/2023 2:13 PM,9/25/2023 9:32 PM,City/Neighborhood,,,
TRUE,,33,Regal Edwards Alhambra Renaissance,ChIJi1BOnCfFwoAR2G0pj-9OFRk,Regal Edwards Alhambra Renaissance,1,34.095905,-118.12699,recySZflPg5K8a0MF,9/18/2023 2:13 PM,9/25/2023 9:32 PM,Entertainment Venue,,,
TRUE,,34,Northridge Fashion Center,ChIJX7X1sHSbwoARUkZil0PkMkU,Northridge Fashion Center,1,34.2382889,-118.5550537,recTjlBV692nlG32g,9/18/2023 2:14 PM,9/25/2023 9:33 PM,Mall/Shopping Area,,,
TRUE,,35,The Commons at Calabasas,ChIJL5oNqWuewoARlAib2UV9ew8,The Commons at Calabasas,1,34.153653,-118.6457892,recHpneIsa8I9Enuu,9/18/2023 2:14 PM,9/25/2023 9:33 PM,Mall/Shopping Area,,,
TRUE,,36,Fatima's Grill,ChIJaRhzDbzNwoAR9u3kvWOsqiw,Fatima's Grill,1,33.9440111,-118.1407806,recGfJ8vJAns3pRV1,9/18/2023 7:34 PM,9/25/2023 9:33 PM,Food,,,
FALSE,Too general,37,La Cañada Flintridge,ChIJEcDTpOHpwoAR1lGHwDbx4_U,La Cañada Flintridge,1,34.2068182,-118.2000277,reck6BosU3tQ68fSz,9/23/2023 10:22 AM,9/25/2023 9:33 PM,City/Neighborhood,,,
TRUE,,38,Petersen Automotive Museum,ChIJaRbaXjy5woARERNJSyktTog,Petersen Automotive Museum,1,34.062024,-118.3613631,recCHghafWwRoBvgC,9/23/2023 11:11 AM,9/25/2023 9:33 PM,Museum,,,
TRUE,,39,Pomona College,ChIJRbagpr8xw4ARfqchaG3HTY0,Pomona College,1,34.0977461,-117.711806,reckL01knmnCedmQK,9/23/2023 11:11 AM,9/25/2023 9:33 PM,School,,,
TRUE,,40,Aquarium of the Pacific,ChIJtXzMMjAx3YARll7hgkff2pY,Aquarium of the Pacific,1,33.7619735,-118.1969738,rec8jqDrwrIzfSBbk,9/23/2023 11:12 AM,9/25/2023 9:33 PM,Museum,,,
FALSE,Too general,41,Woodland Hills,ChIJVfY28eyewoARiBIkRG5Qhvo,Woodland Hills,1,34.165357,-118.6089752,recisYNEU0IeiWyrs,9/23/2023 11:12 AM,9/25/2023 9:33 PM,City/Neighborhood,,,
FALSE,Too general,42,El Monte,ChIJ79D2Y6TQwoARTTewpY4BD2s,El Monte,1,34.0686206,-118.0275667,reckHrfAKG8RDonwK,9/23/2023 11:12 AM,9/25/2023 9:33 PM,City/Neighborhood,,,
FALSE,Too general,43,Glendale,ChIJqYPwyDLAwoARpibJ_p6hP-U,Glendale,1,34.1425078,-118.255075,rectK5y5HXEoC2fhP,9/23/2023 11:12 AM,9/25/2023 9:33 PM,City/Neighborhood,,,
TRUE,,44,Torrance Beach,ChIJI0d3A1lL3YARXHa0iEQprQk,Torrance Beach,1,33.8132946,-118.3896552,rec0nuFEFzElHt3Bi,9/23/2023 11:12 AM,9/25/2023 9:34 PM,Beach/Pier,,,
TRUE,,45,Claremont Graduate University,ChIJ9QDDh7gxw4AREk_Gz4kNedQ,Claremont Graduate University,1,34.103596,-117.7119176,recz69sMLaJ6D68XY,9/23/2023 11:12 AM,9/25/2023 9:34 PM,School,,,
FALSE,Too general,46,Northridge,ChIJiUtZIleawoARUmFdWw-rsjM,Northridge,1,34.2381251,-118.530123,recL2jmgqzno9t6j8,9/23/2023 11:13 AM,9/25/2023 9:35 PM,City/Neighborhood,,,
FALSE,Not in LA County,47,Rancho Cucamonga,ChIJkScROPlbw4ARS_Pygq16aq0,Rancho Cucamonga,1,34.1063989,-117.5931084,recWV6XNdzQfKbEWL,9/23/2023 11:13 AM,9/25/2023 9:35 PM,City/Neighborhood,,,
FALSE,Too general,48,Tarzana,ChIJSzfwWiCZwoARmo8uvoxfa18,Tarzana,1,34.1494848,-118.5506158,rec9ylSTNNUa4AfP1,9/23/2023 11:13 AM,9/25/2023 9:35 PM,City/Neighborhood,,,
FALSE,Not in LA County,49,Tustin,ChIJSzbuqjfD3IARckzIEB2RVeg,Tustin,1,33.7420005,-117.8236391,recflfhQDBEf8Of34,9/23/2023 11:13 AM,9/25/2023 9:35 PM,City/Neighborhood,,,
FALSE,Too general,50,Malibu,ChIJP9YI-akd6IARWozqsnEtt5M,Malibu,1,34.0380585,-118.6923438,recQlvFxYTuffoVsE,9/23/2023 11:13 AM,9/25/2023 9:35 PM,City/Neighborhood,,,
FALSE,Too general,51,San Dimas,ChIJ39G4_KIWw4AREBzIr5r1mWI,San Dimas,1,34.1066756,-117.8067257,recPTbWdRVPUdwRKa,9/23/2023 11:13 AM,9/25/2023 9:35 PM,City/Neighborhood,,,
TRUE,,52,Los Angeles State Historic Park,ChIJgfk0NV7GwoAR4ja9LMYRY0s,Los Angeles State Historic Park,1,34.0682286,-118.2318135,recahkT4kQgaPJYdA,9/23/2023 11:13 AM,9/25/2023 9:45 PM,Nature Park,,,
FALSE,Too general,53,Pomona,ChIJIaGfee8tw4ARM6nKAHCUCVI,Pomona,1,34.055103,-117.7499909,receX7KkCPbVGeIGz,9/23/2023 11:13 AM,9/25/2023 9:35 PM,City/Neighborhood,,,
FALSE,Too general,54,Bel Air,ChIJ-_JObBm9woARWNTU1yslUeQ,Bel Air,1,34.1002455,-118.459463,recfDJ4ysfNe9xcj9,9/23/2023 11:13 AM,9/25/2023 9:35 PM,City/Neighborhood,,,
FALSE,Too general,55,Glendora,ChIJX7Ts8w0mw4AR7I7B-b7UyPA,Glendora,1,34.1361187,-117.865339,recCgoLjWwwbPFojQ,9/23/2023 11:13 AM,9/25/2023 9:35 PM,City/Neighborhood,,,
TRUE,,56,La Cienega Boulevard,EiVMYSBDaWVuZWdhIEJsdmQsIExvcyBBbmdlbGVzLCBDQSwgVVNBIi4qLAoUChIJvV4d8EW5woARdPs2GE_Ed68SFAoSCRPaJ9xdx8KAEfQIRiVv3y_i,La Cienega Boulevard,1,33.998837,-118.370143,recEf7RFNPadlVYrS,9/23/2023 11:13 AM,9/25/2023 9:45 PM,City/Neighborhood,,,
FALSE,Not in LA County,57,Corona Del Mar,ChIJWcGzje3g3IAReKxmGAmgbUE,Corona Del Mar,1,33.5978595,-117.8730142,recSQvmtA4kp24K72,9/23/2023 11:13 AM,9/25/2023 9:35 PM,City/Neighborhood,,,
TRUE,,58,Amoeba Music,ChIJRdmfADq_woARYaVhnfQSUTI,Amoeba Music,1,34.1013382,-118.3248299,recklwHnNBZbN3YAw,9/23/2023 11:13 AM,9/25/2023 9:45 PM,Store,,,
FALSE,Too general,59,Monrovia,ChIJ2eJeOzfZwoARhfe1CC46JE8,Monrovia,1,34.1442616,-118.0019482,reczo1PYgQjYBv6vg,9/23/2023 11:13 AM,9/25/2023 9:35 PM,City/Neighborhood,,,
FALSE,Too general,60,Fairfax,ChIJnSRZhCy5woAR3nFAvlZuRDA,Fairfax,1,34.0801746,-118.3511357,recxB0fV8VUV7g3Go,9/23/2023 11:13 AM,9/25/2023 9:35 PM,City/Neighborhood,,,
FALSE,Not in LA County,61,Seal Beach,ChIJMWN2ONje3IARFZQnbuxw_D0,Seal Beach,1,33.7414085,-118.1047682,recgXvDIcylb8MQzj,9/23/2023 11:13 AM,9/25/2023 9:45 PM,Beach/Pier,,,
TRUE,,62,Castle BBQ,ChIJvT_VHqW4woARoslC6oj4Sho,Castle BBQ,1,34.0799234,-118.3095128,recjCdTLNlnT8eC9k,9/23/2023 11:14 AM,9/25/2023 9:45 PM,Food,,,
FALSE,,63,Discovery Cube Los Angeles,ChIJ58V7yH-RwoARwAaYyqy8xQ8,Discovery Cube Los Angeles,1,34.2729358,-118.3932272,recK6wSVBGXDWk23U,9/23/2023 11:14 AM,9/25/2023 9:45 PM,Museum,,,
FALSE,Too general,64,Whittier,ChIJ94d6VYbTwoARWiRAwUd9qCc,Whittier,1,33.9791793,-118.032844,recDUlgPw21M9cWbs,9/23/2023 11:14 AM,9/25/2023 9:35 PM,City/Neighborhood,,,
TRUE,,65,Americana Way,EiZBbWVyaWNhbmEgV2F5LCBHbGVuZGFsZSwgQ0EgOTEyMTAsIFVTQSIuKiwKFAoSCYEhvhz_wMKAEcYSoGsZJEeqEhQKEgmpg_DIMsDCgBGmJsn-nqE_5Q,Americana Way,1,34.1444317,-118.2552177,recsJa6NOhvNKOudW,9/23/2023 11:14 AM,9/25/2023 9:45 PM,Mall/Shopping Area,,,
FALSE,Not in LA County,66,Costa Mesa,ChIJeW9X_G_f3IAR2sAD2BKEAe8,Costa Mesa,1,33.6638439,-117.9047429,recqDdaxOIgBaEHir,9/23/2023 11:14 AM,9/25/2023 9:35 PM,City/Neighborhood,,,
TRUE,,67,Hollywood Palladium,ChIJt1-0kze_woARkevCuYSmEOA,Hollywood Palladium,1,34.098496,-118.3242781,recYfrP5yiBEy2ovo,9/23/2023 11:14 AM,9/25/2023 9:45 PM,Entertainment Venue,,,
FALSE,Too general,68,Porter Ranch,ChIJscK9TM-EwoAREDM5A4HhBv4,Porter Ranch,1,34.2822134,-118.5506158,rect02Ftq57u8Kqp1,9/23/2023 11:14 AM,9/25/2023 9:36 PM,City/Neighborhood,,,
FALSE,Too general,69,Westwood,ChIJecf92oa8woARVlNT9X_x42M,Westwood,1,34.0635016,-118.4455164,rec1MthOzeABArbHG,9/23/2023 11:14 AM,9/25/2023 9:36 PM,City/Neighborhood,,,
TRUE,,70,Orochon Ramen,ChIJZZ-jjkjGwoARVuiQZ0TtLS0,Orochon Ramen,1,34.0498942,-118.2423094,recp6FRfC0xQZGBDi,9/23/2023 11:14 AM,9/25/2023 9:44 PM,Food,,,
TRUE,,71,Troubadour,ChIJNVqFkqi-woARYLAyw3a0N4k,The Troubadour,1,34.0816324,-118.3893421,recAb4FiQf9vvRJhn,9/23/2023 11:14 AM,9/25/2023 9:45 PM,Entertainment Venue,,,
TRUE,,72,West Olympic Boulevard,EiRXIE9seW1waWMgQmx2ZCwgTG9zIEFuZ2VsZXMsIENBLCBVU0EiLiosChQKEgkjyPsxBLnCgBH7TifbU58xHBIUChIJz-A_k1nHwoARloiyHDKVAm8,West Olympic Boulevard,1,34.0551953,-118.3273871,recQlKEdhrWwcQSly,9/23/2023 11:14 AM,9/25/2023 9:54 PM,City/Neighborhood,,,
FALSE,Not in LA County,73,Segerstrom Center for the Arts,ChIJ7cbG_ybf3IAREmiUpMlECOo,Segerstrom Center for the Arts,1,33.6927051,-117.8821416,reczwxx9K8VSI8bBo,9/23/2023 11:14 AM,9/25/2023 9:45 PM,Entertainment Venue,,,
FALSE,Not in LA County,74,Corona,ChIJbWBd6rmw3IAR8VKS0g_RmIk,Corona,1,33.8752935,-117.5664384,recW43WaiJ4MWCz6c,9/23/2023 11:14 AM,9/25/2023 9:36 PM,City/Neighborhood,,,
FALSE,Not in LA County,75,Brea Mall,ChIJwS0hgwbV3IARL4oucH0V6P8,Brea Mall,1,33.9156061,-117.8865141,rec6cW7UFipI5Vxmf,9/23/2023 11:14 AM,9/25/2023 9:45 PM,Mall/Shopping Area,,,
FALSE,Too general,76,Santa Fe Springs,ChIJh2x1kwLTwoAR4zWXGfiJrzU,Santa Fe Springs,1,33.9472359,-118.0853451,rec7T8rWFnzziLraU,9/23/2023 11:14 AM,9/25/2023 9:36 PM,City/Neighborhood,,,
FALSE,,77,Paradise Gardens Park,ChIJa2eOBtnX3IARc1NEdOGJ5oc,Disney California Adventure Park,1,33.805822,-117.9214318,rec01GnGbzA37E0KI,9/23/2023 11:14 AM,9/25/2023 9:44 PM,Nature Park,,,
TRUE,,78,Mountain High Resort,ChIJuYkflAIXw4ARtZZKjvDriq8,Mountain High Resort,1,34.3769418,-117.6915242,rec9aWTyKcJfyV6sw,9/23/2023 11:14 AM,10/10/2023 11:18 AM,Unknown/Not Relevant,,,
FALSE,Not in LA County,79,LoanMart Field,ChIJXx6VqRBLw4AR4YRCAd5mEdA,LoanMart Field,1,34.1025435,-117.5473637,recQ1vPO9MR7TNQfb,9/23/2023 11:14 AM,9/25/2023 9:47 PM,Sports Venue,,,
TRUE,,80,Plaza Del Valle,ChIJdWQdgdGQwoARwd7QcgJy6X4,Plaza Del Valle,1,34.2266056,-118.4489533,recMKeQElChfPPHD5,9/23/2023 11:14 AM,9/25/2023 9:47 PM,Mall/Shopping Area,,,
TRUE,,81,Manhattan Beach Pier,ChIJ7U-BHeuzwoARAvYAqFtEc2A,Manhattan Beach Pier,1,33.8843296,-118.4121416,recOrKzXIUF43EVCL,9/23/2023 11:14 AM,9/25/2023 9:44 PM,Beach/Pier,,,
TRUE,,82,Blaze Pizza,ChIJzzQhfV_DwoARkAD-fH-T8C0,Blaze Pizza,1,34.1461045,-118.1366734,recPvFDGXxLQrMrEw,9/23/2023 11:14 AM,9/25/2023 9:44 PM,Food,,,
TRUE,,83,Mount Wilson,ChIJDZ0dbnjdwoARb3ULkyHuA9Y,Mount Wilson,1,34.2249455,-118.0564071,recqdqiwGAW5ivWvM,9/23/2023 11:14 AM,9/25/2023 9:44 PM,Nature Park,,,
TRUE,,84,Geffen Playhouse,ChIJC9ZmTYG8woARUQOWZ4HWAtU,Geffen Playhouse,1,34.0634331,-118.4444494,rec9IPMiLO34RDkIi,9/23/2023 11:14 AM,9/25/2023 9:44 PM,Entertainment Venue,,,
FALSE,Too general,85,Agoura Hills,ChIJlRyqIx4h6IAR1v3fLa72Dqw,Agoura Hills,1,34.1533395,-118.7616764,recGgM49P6HND9Q51,9/23/2023 11:14 AM,9/25/2023 9:36 PM,City/Neighborhood,,,
FALSE,Not in LA County,86,San Clemente Pier,ChIJ_7a0FxX03IARz1rCSiPCBYY,San Clemente Pier,1,33.4187667,-117.6216275,rechekTlLWAcALbFe,9/23/2023 11:14 AM,9/25/2023 9:44 PM,Beach/Pier,,,
FALSE,Airport,87,John Wayne Airport,ChIJ70Cry-3e3IAR4hkRw_XoQck,John Wayne Airport (SNA),1,33.6740707,-117.8690048,recmcsV55sDLLdEgz,9/23/2023 11:14 AM,9/25/2023 10:01 PM,Airport,,,
FALSE,Too general,88,Montebello,ChIJhV4fRirOwoAR2prNNJkxiH4,Montebello,1,34.0165053,-118.1137535,recyupXFbpD7v0xXC,9/23/2023 11:14 AM,9/25/2023 9:36 PM,City/Neighborhood,,,
FALSE,,89,Los Feliz,ChIJGyZkVaXAwoARiDm7dQXpd_s,Los Feliz,1,34.1063307,-118.2848199,recWcTwzOAnEmxPKi,9/23/2023 11:14 AM,9/25/2023 9:36 PM,City/Neighborhood,,,
TRUE,,90,New York Chicken,ChIJ_0okykOcwoARCSBD9uXlYa8,New York Chicken,1,34.2079376,-118.6063221,rec2TveYu4xNKxH2f,9/23/2023 11:15 AM,9/25/2023 9:43 PM,Food,,,
FALSE,Not in LA County,91,Laguna Beach,ChIJwSRbj8jg3IAR9tp5qDW05w0,Laguna Beach,1,33.5427189,-117.7853568,reck2wwIAOcZXsR4Q,9/23/2023 11:15 AM,9/25/2023 9:43 PM,Beach/Pier,,,
FALSE,Maybe looking for Camarillo Outlets?,92,Camarillo Street,EiJDYW1hcmlsbG8gU3QsIExvcyBBbmdlbGVzLCBDQSwgVVNBIi4qLAoUChIJgXLe4SC-woARUDAWi9JWrdcSFAoSCRPaJ9xdx8KAEfQIRiVv3y_i,Camarillo Street,1,34.1576686,-118.3653602,recmC6HoUNoUsUT5G,9/23/2023 11:15 AM,9/25/2023 10:01 PM,Mall/Shopping Area,Camarillo Outlets?,,
TRUE,,93,King's Hawaiian Bakery,ChIJNYPY0NxK3YARlYmHWz-DQWM,King's Hawaiian Bakery,1,33.8228949,-118.3349298,recbzbl8WMw9kUskS,9/23/2023 11:15 AM,9/25/2023 9:43 PM,Food,,,
TRUE,,94,Geffen Academy at UCLA,ChIJk8YcAIO8woARROE1fgwCJEg,Geffen Academy at UCLA,1,34.059361,-118.4469528,recKY8fk2BlRL4o18,9/23/2023 11:15 AM,9/25/2023 9:43 PM,School,,,
FALSE,Not in LA County,95,Big Bear,ChIJmVbw4M_HwoARMYvk8FcHZ7E,Big Bear,1,34.0325608,-118.263043,rec5ZReYlbaSrXtXK,9/23/2023 11:15 AM,9/25/2023 9:36 PM,City/Neighborhood,,,
TRUE,,96,Hawaii Supermarket,ChIJawBekbnawoAR60fBJGPZMuI,Hawaii Supermarket,1,34.079263,-118.0988062,recHL2J3jgoxTO4Vn,9/23/2023 11:15 AM,9/25/2023 9:42 PM,Food,,,
TRUE,,97,Fashion District LA,ChIJjTaafczHwoAReQWDQda6tMU,Fashion District LA,1,34.0388986,-118.2556616,recocbAWepWQpE4Gw,9/23/2023 11:15 AM,9/25/2023 9:42 PM,City/Neighborhood,,,
TRUE,,98,San Fernando Swap Meet,ChIJj0K2WbiRwoAR3feujbA5Zb0,San Fernando Swap Meet,1,34.2876418,-118.4237391,recSm2NA0kE2CwId1,9/23/2023 11:15 AM,9/25/2023 9:42 PM,Mall/Shopping Area,,,
TRUE,,99,BMO Stadium,ChIJWbtt4AjIwoAR3Iskktmqysg,BMO Stadium,1,34.0127942,-118.284075,rec8s6FhmWXjmCAA0,9/23/2023 11:15 AM,9/25/2023 9:42 PM,Sports Venue,,,
FALSE,,100,Catalina Flyer,ChIJG9bde2vg3IARe4M1HpJJTq4,Catalina Flyer,1,33.6027945,-117.8988828,recGe7uiTGWyTEKRM,9/23/2023 11:15 AM,9/25/2023 9:56 PM,Island,Catalina?,,
TRUE,,101,Downtown Burbank,ChIJVVUVrFGVwoARJDZm-yAC15s,United States,1,34.1847965,-118.3138702,recQR9Ck7AEOppCMe,9/23/2023 11:15 AM,9/25/2023 9:36 PM,City/Neighborhood,,,
FALSE,Not in LA County,102,Angel Stadium of Anaheim,ChIJHbA-iJzX3IARembDUOvijy0,Angel Stadium of Anaheim,1,33.800308,-117.8827321,rec6VyiTaYMljWi5T,9/23/2023 11:15 AM,9/25/2023 9:43 PM,Sports Venue,,,
FALSE,Too general,103,Carson,ChIJfcS6fx7LwoARZYDiqXgXL6E,Carson,1,33.8316745,-118.281693,recxWei8RRoRdKjqC,9/23/2023 11:15 AM,9/25/2023 9:36 PM,City/Neighborhood,,,
TRUE,In Downey,104,McDonald's,ChIJuzWniYrNwoAR2bgc5Xa3-wk,McDonald's,1,33.9474096,-118.1179069,reccBC6V7xNTRLRFG,9/23/2023 11:15 AM,9/25/2023 9:41 PM,Food,,,
TRUE,Next to Disneyland,105,McDonald's,ChIJY5PActDX3IARrmSSYfxO3c8,McDonald's,1,33.8109218,-117.9147255,rec2ORmaUhx9wqXfX,9/23/2023 11:15 AM,9/25/2023 9:41 PM,Food,,,
FALSE,Too general,106,Broadway,Eh9Ccm9hZHdheSwgU2FudGEgTW9uaWNhLCBDQSwgVVNBIi4qLAoUChIJO8nxFzS7woARpdmGIpRFUhYSFAoSCRkAkcLOpMKAEav1I_-1Che0,Broadway,1,34.0250545,-118.481293,rec36GYD8XwBnPmMO,9/23/2023 11:15 AM,9/25/2023 9:55 PM,City/Neighborhood,,,
FALSE,In Irvine,107,McDonald's,ChIJHZJ7UqHd3IARXzrKFEIBFyk,McDonald's,1,33.6707731,-117.7893912,recw2ghdb4gBxr3y8,9/23/2023 11:15 AM,9/25/2023 9:41 PM,Food,,,
TRUE,,108,H Mart Arcadia,ChIJuRtGoQrbwoARhnp-Jit1unA,Hmart,1,34.131627,-118.0657672,recyBOuaEWNeA4ojD,9/23/2023 11:16 AM,9/25/2023 9:42 PM,Food,,,
FALSE,Not in LA County,109,Channel Islands of California,ChIJLTA4-i3t3YARIC_hOG74Fqo,Channel Islands of California,1,33.4706418,-119.3170952,rec8qig1RibSaEwBA,9/23/2023 11:16 AM,9/25/2023 9:56 PM,Island,,,
TRUE,In Century City,110,McDonald's,ChIJUfTdFo-7woARfVjeQKj2nJE,McDonald's,1,34.0565916,-118.4259707,recPeAVkFd5KZTC9M,9/23/2023 11:16 AM,9/25/2023 9:41 PM,Food,,,
FALSE,Too general,111,South Gate,ChIJH7dFoxHMwoAR0mrfGYQGQ5E,South Gate,1,33.954737,-118.2120161,recSSQX5cN5qTcitz,9/23/2023 11:16 AM,9/25/2023 9:36 PM,City/Neighborhood,,,
FALSE,Too general,112,Rosemead,ChIJsXdsdnTQwoARfIhDlkgdNaA,Rosemead,1,34.0805651,-118.072846,receZmnieGHBmhxtE,9/23/2023 11:16 AM,9/25/2023 9:36 PM,City/Neighborhood,,,
TRUE,,113,Philippe The Original,ChIJd9NcMVvGwoARpVcjtJfZBQo,Philippe The Original,1,34.0596863,-118.2370489,recS0upqOqLQenwzY,9/23/2023 11:16 AM,9/25/2023 9:41 PM,Food,,,
TRUE,,114,Noodle Monster,ChIJtSoCHAmWwoARBmqb4Y-N2A8,Noodle Monster,1,34.1654566,-118.3970538,recOYIkpyb4Wl6wdt,9/23/2023 11:16 AM,9/25/2023 9:41 PM,Food,,,
TRUE,In Pacific Palisades,115,Murphy Ranch,ChIJgcXx3BmjwoARPa6JlXw37RY,Murphy Ranch,1,34.0703714,-118.5143749,recj0L7QqpdcSNTCE,9/23/2023 11:16 AM,9/25/2023 9:50 PM,Unknown/Not Relevant,,,
TRUE,,116,Cafe Bizou,ChIJ9VNExxEk6IARr7glcirQByY,Cafe Bizou,1,34.1481965,-118.7827435,recmwMn5JkUtW4Kwg,9/23/2023 11:16 AM,9/25/2023 9:41 PM,Food,,,
TRUE,,117,Sand Dune Park,ChIJbWtLzuazwoARpTpY50xX3JE,Sand Dune Park,1,33.8990666,-118.4124007,recdpsgciNj5rXe4q,9/23/2023 11:16 AM,9/25/2023 9:42 PM,Nature Park,,,
TRUE,,118,Pico Rivera Sports Arena,ChIJizp1lyPRwoARctZAXZrwsRQ,Pico Rivera Sports Arena,1,34.0256996,-118.0448532,rec07wDNUZZinAaaO,9/23/2023 11:16 AM,9/25/2023 9:42 PM,Sports Venue,,,
TRUE,,119,Republic Of Pie,ChIJj83PovOVwoARU_DIkrmdBUo,Republic Of Pie,1,34.1647278,-118.3731306,rec9qwCFDHqLD59ra,9/23/2023 11:16 AM,9/25/2023 9:41 PM,Food,,,
TRUE,,120,Mexico 1900 Restaurant,ChIJmXOEt67UwoARaqDQIUR3NKQ,Mexico 1900 Restaurant,1,33.9259356,-118.012277,recNmSEprAj50sirY,9/23/2023 11:16 AM,9/25/2023 9:41 PM,Food,,,
TRUE,,121,Corner Grill,ChIJ-_-_iGrrwoAReHHyBYPDe5s,Corner Grill,1,34.2466731,-118.2752835,recBC5ujFxM1LGMqS,9/23/2023 11:16 AM,9/25/2023 9:41 PM,Food,,,
TRUE,,122,Burbank Town Center,ChIJ82gqt1qVwoARA3FAzuGuGUI,Burbank Town Center,1,34.1833089,-118.3120909,recKzH3LvVogUkGGv,9/23/2023 11:17 AM,9/25/2023 9:41 PM,Mall/Shopping Area,,,
FALSE,Too general,123,Montrose,ChIJ53T5_RTqwoARhU0PK-ZUGrk,Montrose,1,34.206551,-118.224685,recv3B7ZwLPOwb3L1,9/23/2023 11:17 AM,9/25/2023 9:36 PM,City/Neighborhood,,,
FALSE,Maybe looking for Sawtelle Japantown?,124,Sawtelle,ChIJiaovKWO7woARW5z9dVWhK7w,Sawtelle,1,34.0433903,-118.4542772,recG5OziGf33jJThj,9/23/2023 11:17 AM,9/25/2023 9:36 PM,City/Neighborhood,,,
FALSE,Not in LA County,125,Big Bear Circle,EidCaWcgQmVhciBDaXIsIEJ1ZW5hIFBhcmssIENBIDkwNjIxLCBVU0EiLiosChQKEgl1o94goSvdgBFNbRgYKL0mrBIUChIJK11gE_Qr3YARJf7ozeXun80,Big Bear Circle,1,33.8817362,-117.9903699,recQd5ckBPRxShlVB,9/23/2023 11:17 AM,9/25/2023 9:51 PM,,Big Bear?,,
TRUE,,126,Hotel Figueroa - The Unbound Collection by Hyatt,ChIJzcQQfbfHwoAREpay4PPzicU,Hotel Figueroa - The Unbound Collection by Hyatt,1,34.045565,-118.2640127,recw42qgNwvUpbrLS,9/23/2023 11:17 AM,9/23/2023 11:17 AM,,,,
TRUE,,127,Lin's Club,ChIJ96JBXe7ZwoARht_V3_39xg8,Lin's Club,1,34.1318566,-118.0182195,rec9ys5pkflYq7bRk,9/23/2023 11:18 AM,9/25/2023 9:51 PM,Food,,,
TRUE,,128,Mercado Buenos Aires,ChIJO6kvi0iXwoARFDFP6vwuwUI,Mercado Buenos Aires,1,34.20792,-118.4658126,recWm5nbhhTwXE1dF,9/23/2023 11:18 AM,9/25/2023 9:51 PM,Food,,,
FALSE,Not in LA County,129,Pismo Beach,EiJQaXNtbyBCZWFjaCwgSXJ2aW5lLCBDQSA5MjYwMiwgVVNBIi4qLAoUChIJyXfWdZ3c3IARQzV4jW1ALqISFAoSCeNAkWgO3dyAETmaSmB1tXqn,Pismo Beach,1,33.7312029,-117.769713,recITQ41Gk4ThfZbQ,9/23/2023 11:18 AM,9/25/2023 9:41 PM,Beach/Pier,,,
TRUE,,130,Beijing Dong Tian Salon,ChIJa9yu2KTbwoARtE6JeS8wjJc,Beijing Dong Tian Salon,1,34.1275149,-118.0553745,recyJz5OdhqbMQnUp,9/23/2023 11:18 AM,9/23/2023 11:18 AM,,,,
TRUE,,131,Kersting Court,ChIJTaf_0DvdwoAR-7yQjuTRSYs,Kersting Court,1,34.1622894,-118.0528162,rec4SZbqhMRuf3U6D,9/23/2023 11:18 AM,9/25/2023 9:52 PM,Mall/Shopping Area,,,
TRUE,,132,MidiCi The Neapolitan Pizza Company,ChIJn-uSfcWXwoAR5nkHNdDiXUA,MidiCi The Neapolitan Pizza Company,1,34.1510889,-118.4514472,recTufLK9ZmTcwNDW,9/23/2023 11:18 AM,9/25/2023 9:40 PM,Food,,,
TRUE,,133,Brentwood Country Mart,ChIJDTVwjVWjwoARv1KuBLF9Mnk,Brentwood Country Mart,1,34.0475609,-118.4904484,rectvZrTgHot2C664,9/23/2023 11:18 AM,9/25/2023 9:40 PM,Food,,,
FALSE,Airport,134,Catalina Airport - KAVX,ChIJcUGf6bVu3YARuVB0-eHqIvo,Catalina Airport-AVX,1,33.4030624,-118.4150115,reclxR18WAKeM4IjB,9/23/2023 11:18 AM,9/25/2023 9:57 PM,Island,,,
TRUE,,135,Chatsworth Nature Preserve,ChIJXbCaWgOdwoARhXRWjczDRbg,Chatsworth Nature Preserve,1,34.2341745,-118.6250564,recOg49w6bXamyWNB,9/23/2023 11:18 AM,9/25/2023 9:40 PM,Nature Park,,,
TRUE,,136,Mason Park,ChIJ1XSR7FebwoAR2bY9GIyymSI,Mason Park,1,34.2614245,-118.5789238,recr1f4gaIRjqpwff,9/23/2023 11:18 AM,9/25/2023 9:53 PM,Nature Park,,,
TRUE,,137,Rio Hondo College,ChIJLd9LwTjRwoARbdRprxMawFg,Rio Hondo College,1,34.0190058,-118.0347181,recHUUc9tAV1tt2rt,9/23/2023 11:18 AM,9/25/2023 9:40 PM,School,,,
TRUE,,138,Sam's Club,ChIJJ1AjWRrawoARtSeUW6nXrM8,Sam's Club,1,34.0937435,-118.028728,recIGkPpTmVfwyaFi,9/23/2023 11:18 AM,9/25/2023 9:40 PM,Store,,,
FALSE,Not in LA County,139,Montclair Place,ChIJS8gvboMxw4ARHXOP_m4VeEc,Montclair Place,1,34.0867809,-117.6938298,recNdoEEKDQP1hLNW,9/23/2023 11:18 AM,9/25/2023 9:40 PM,Mall/Shopping Area,,,
TRUE,,140,Tijuana's Tacos,ChIJEwhEoOEtw4AREgUw6GtCl8Q,Tijuana's Tacos,1,34.0623868,-117.7566232,rechn1e9kwXSbRFmA,9/23/2023 11:18 AM,9/25/2023 9:40 PM,Food,,,
FALSE,Too General,141,Panorama City,ChIJGeY-0CyRwoARPGGaUmRaCXI,Panorama City,1,34.227617,-118.442425,recPLEMlWVgFmdSFP,9/23/2023 11:19 AM,9/25/2023 9:40 PM,City/Neighborhood,,,
FALSE,Not in LA County,142,Parking at Levi's Stadium,ChIJ__-vkRfR3IARusZKPT84cSk,Parking at Levi's Stadium,1,33.8583527,-117.8057266,recXWtX3FlteUovAp,9/23/2023 11:19 AM,9/25/2023 9:40 PM,Sports Venue,,,
TRUE,,143,South Park,ChIJN28nbMjHwoAR0mBlu0518tE,South Park,1,34.0429618,-118.2641336,reczMXBtBvEbFepfg,9/23/2023 11:19 AM,9/25/2023 9:40 PM,City/Neighborhood,,,
TRUE,,144,Panorama Mall,ChIJf_B9idKQwoARZrL5XbunPyM,Panorama Mall,1,34.2239021,-118.4498011,recXiFYVrBDjAwirB,9/23/2023 11:19 AM,9/25/2023 9:40 PM,Mall/Shopping Area,,,
TRUE,,145,Plaza West Covina,ChIJcYbDI9HXwoARM31HBxbx4Vg,Plaza West Covina,1,34.0706843,-117.9326269,recdoKCETpHR5kE2A,9/23/2023 11:19 AM,9/25/2023 9:39 PM,Mall/Shopping Area,,,
TRUE,,146,USC Viterbi School of Engineering,ChIJLTznYfvHwoARKXuvMlgK_eY,USC Viterbi School of Engineering,1,34.0206453,-118.2895082,recTri27UpzrGvi6w,9/23/2023 11:19 AM,9/25/2023 9:39 PM,School,,,
TRUE,,147,In-N-Out Burger,ChIJ5xHkkNOwwoARfN2_9LZe2qc,In-N-Out Burger,1,33.9537066,-118.3967839,rec5JzWakZPA1HZPp,9/23/2023 11:19 AM,9/25/2023 9:39 PM,Food,,,
FALSE,Too General,148,North Hills,ChIJa4rfFieUwoARTXj3kUbSO04,North Hills,1,34.235822,-118.4849365,recelqUf5Nnjz0NpV,9/23/2023 11:19 AM,9/25/2023 9:39 PM,City/Neighborhood,,,
TRUE,,149,The Hat,ChIJffk4AEHDwoARF2GQ-f92cso,The Hat,1,34.1544454,-118.1326691,recBkuTIWjeO0iH8X,9/23/2023 11:19 AM,9/25/2023 9:39 PM,Food,,,
TRUE,,150,Maru Ramen,ChIJsbISpkafwoARuRY_ZtIf1Nw,Maru Ramen,1,34.1680946,-118.6002655,rec6TcDFKCb7UsgnW,9/23/2023 11:19 AM,9/25/2023 9:39 PM,Food,,,
FALSE,Not in LA County,151,San Clemente,ChIJn1YpWVv03IARv3vMFEgFJjo,San Clemente,1,33.4273521,-117.6126004,recjkntguXXvuWfei,9/23/2023 11:19 AM,9/25/2023 9:53 PM,"City/Neighborhood,Beach/Pier",,,
TRUE,,152,Culver City Hall,ChIJ-bjlYyi6woAR_XYQUCdzvDc,Culver City Hall,1,34.0209858,-118.3954832,reci2RPrBdyaKqAdC,9/23/2023 11:19 AM,9/25/2023 9:39 PM,City/Neighborhood,,,
FALSE,Too general,153,Inglewood,ChIJjd1LJ1a2woARcDGu3A-zJwc,Inglewood,1,33.9616801,-118.3531311,rec58BebAXiKh5BFe,9/23/2023 11:20 AM,9/25/2023 9:39 PM,City/Neighborhood,,,
FALSE,Not in LA County,154,Yorba Linda,ChIJe6lY0Soow4ARSVAD1lXVb_Q,Yorba Linda,1,33.8885035,-117.8132571,recpw3bNvkCJHCutg,9/23/2023 11:20 AM,9/25/2023 9:39 PM,City/Neighborhood,,,
TRUE,,155,Gyu-Kaku Japanese BBQ,ChIJf42v4HDDwoARIOZBomGRQGM,Gyu-Kaku Japanese BBQ,1,34.1442645,-118.1520021,recMUPLO2kWT0gFyV,9/23/2023 11:20 AM,9/25/2023 9:53 PM,Food,,,
TRUE,,156,Sierra Madre Library,ChIJ8YF7-HzcwoARMz6Y9StAcEY,Sierra Madre Library,1,34.1618361,-118.0620187,rec3WtTmlVk7iJl6M,9/23/2023 11:20 AM,9/25/2023 9:54 PM,Library,,,
TRUE,,157,Our Lady of the Holy Rosary Church,ChIJTdTThkeUwoAReBdQDEUjPaU,Our Lady of the Holy Rosary Church,1,34.2127778,-118.37,recGoLnB4zkw56TQr,9/23/2023 11:20 AM,9/23/2023 11:20 AM,,,,
FALSE,Airport,158,Van Nuys Flyaway Bus Terminal Parking,ChIJsaiWs72XwoARXk87oF-RDXs,Van Nuys Flyaway Bus Terminal Parking,1,34.20993,-118.4819101,rect9SsEWq10iIc31,9/23/2023 11:20 AM,9/25/2023 9:57 PM,Airport,,,
FALSE,Airport,159,Burbank Airport – North (AV Line) Metrolink Station,ChIJWfbfHAKVwoAR_82y4nC3m4M,Burbank Airport – North (AV Line) Metrolink Station,1,34.2057734,-118.3492167,recJWeBtvA2g94n72,9/23/2023 11:20 AM,9/25/2023 9:57 PM,Airport,,,
FALSE,Not in LA County,160,"University of California, Irvine",ChIJkb-SJQ7e3IAR7LfattDF-3k,UC Irvine,1,33.6423814,-117.8416747,recOb4ll5J8A0mTb3,9/23/2023 11:20 AM,9/25/2023 9:54 PM,School,,,
FALSE,Too general,161,Sun Valley,ChIJ41W8cD-UwoARa9yZhNFXXYg,Sun Valley,1,34.2279298,-118.3812562,rec7cVDm76bXgDtPE,9/23/2023 11:20 AM,9/25/2023 9:54 PM,City/Neighborhood,,,
FALSE,Too general,162,Bluewater Lane,EidCbHVld2F0ZXIgTG4sIERhbmEgUG9pbnQsIENBIDkyNjI5LCBVU0EiLiosChQKEglBP9xGrvHcgBHrGP0QOGp5qhIUChIJif1kuo_w3IARFfoBcLy0LuQ,Bluewater Lane,1,33.4732886,-117.6826071,recHjIiOEdZmMmWe5,9/23/2023 11:20 AM,9/25/2023 10:00 PM,Unknown/Not Relevant,,,
FALSE,Not in LA County,163,Orange County,ChIJz_fVVFyS3IARB9bwj2HDpt4,Orange County,1,33.7174708,-117.8311428,recOqPI2mcfVqcg1Q,9/23/2023 11:20 AM,9/25/2023 9:57 PM,City/Neighborhood,,,
FALSE,Maybe looking for the Pantages Theatre?,164,Pantages Theatre Parking Garage,ChIJZ-Ba0D6_woARPe9tSBSlrIE,Pantages Theatre Parking Garage,1,34.1041455,-118.3263254,recfoqBfK4V52GD1i,9/23/2023 11:21 AM,9/25/2023 9:39 PM,Entertainment Venue,,,
FALSE,Maybe looking for Echo Park Lake?,165,Echo Lake,ChIJ_4lqxh1s3YARAZQ2O5T4t1Q,Echo Lake,1,33.4004718,-118.3909333,recepjuCsMVmdgUl1,9/23/2023 11:21 AM,9/25/2023 9:38 PM,City/Neighborhood,,,
TRUE,,166,Hollywood Walk of Fame,ChIJxUVL3iO_woARw3KnqfC2hyE,Hollywood Walk of Fame,1,34.1017052,-118.340257,recj2IVw1Xg4v4PPX,9/23/2023 11:21 AM,9/25/2023 9:38 PM,Attraction,,,
TRUE,,167,Raging Waters Los Angeles,ChIJtT_PUiAvw4ARAOeghl4RCxo,Raging Waters Los Angeles,1,34.0786717,-117.8113187,recarT6F23edv0Mx7,9/23/2023 11:21 AM,9/25/2023 9:38 PM,Amusement Park,,,
FALSE,Too general,168,Lake Balboa,ChIJIxmPLOeZwoARlgJt90e_Sl0,Lake Balboa,1,34.2010832,-118.5010942,recvpETuXzRyliSAo,9/23/2023 11:21 AM,9/25/2023 9:59 PM,Nature Park,,,
FALSE,Too general,169,San Fernando,ChIJ70i_U1GQwoAR17cofW3ioUs,San Fernando,1,34.2819461,-118.4389719,recDebmoydv3081Ee,9/23/2023 11:22 AM,9/25/2023 9:37 PM,City/Neighborhood,,,
TRUE,,170,626 Night Market,ChIJE7jOdpXbwoARWx1tqIs_QXM,626 Night Market,1,34.1374478,-118.0466252,recSA3eq2RdCzjCoq,9/23/2023 11:22 AM,9/25/2023 9:38 PM,Food,,,
TRUE,,171,Target,ChIJSZiFGLHHwoAR0Op4_Ylxh0k,Target,1,34.049121,-118.2614404,recmkcRlTTrWW1OCE,9/23/2023 11:22 AM,9/25/2023 9:37 PM,Store,,,
TRUE,,172,Palisades Village,ChIJId8eR3qjwoAR5T9V9HN7DjE,Palisades Village,1,34.0476349,-118.5248688,recWsPbl2NRrBPpyd,9/23/2023 11:23 AM,9/25/2023 9:38 PM,Mall/Shopping Area,,,
FALSE,Maybe looking for Sawtelle Japantown?,173,Sawtelle Boulevard,EiNTYXd0ZWxsZSBCbHZkLCBMb3MgQW5nZWxlcywgQ0EsIFVTQSIuKiwKFAoSCUXZwus3usKAESZlgkSyQxyoEhQKEgkT2ifcXcfCgBH0CEYlb98v4g,Sawtelle Boulevard,1,34.0204531,-118.4268638,recedGk2V0lJlZRie,9/23/2023 11:23 AM,9/25/2023 9:37 PM,City/Neighborhood,,,
TRUE,,174,South Bay Galleria,ChIJo2cBevm0woARJtDspbm05OQ,South Bay Galleria,1,33.8713327,-118.3550107,recXJWuR2UQFGDAsI,9/23/2023 11:23 AM,9/25/2023 9:37 PM,Mall/Shopping Area,,,
TRUE,,175,Westwood Recreation Center,ChIJ3wqivHu7woARGhrujJfS6DE,Westwood Recreation Center,1,34.0532429,-118.4484711,rec0h7JEImsvIxM2Q,9/23/2023 11:23 AM,9/25/2023 9:38 PM,Nature Park,,,
FALSE,Maybe looking for Los Angeles Central Library?,176,Los Angeles Public Library Parking,ChIJObbODdrHwoARGpcZLonju4w,Los Angeles Public Library Parking,1,34.0501866,-118.255681,rec6ZhhHix6y5ipP8,9/23/2023 11:23 AM,9/25/2023 9:54 PM,Library,,,
FALSE,Not in LA County,177,Santa Barbara,EiRTYW50YSBCYXJiYXJhLCBJcnZpbmUsIENBIDkyNjA2LCBVU0EiLiosChQKEgn_gJPkNdzcgBFtQAOtOwSnAxIUChIJ40CRaA7d3IAROZpKYHW1eqc,Santa Barbara,1,33.6857917,-117.8083108,recCEh3gLa4mbofCx,9/23/2023 11:24 AM,9/25/2023 9:37 PM,City/Neighborhood,,,
FALSE,Not in LA County - maybe looking for LA Arboretum in Arcadia?,178,Arboretum Visitor Center,ChIJOaBMicnV3IARAL72MNhOh80,Arboretum Visitor Center,1,33.8882089,-117.8842776,recxr2PieUYDskIH4,9/23/2023 11:24 AM,9/25/2023 9:37 PM,Nature Park,,,
FALSE,Too general,179,Valley Village,ChIJRVAs-vuVwoARZib9HQ1JZsM,Valley Village,1,34.1633045,-118.3841777,recMiaS2jAHaqZVLE,9/23/2023 12:01 PM,9/25/2023 9:37 PM,City/Neighborhood,,,
FALSE,Too general,180,Crenshaw,ChIJdX-EmzK4woAR9Hk-DXQigHs,Crenshaw,1,34.0181993,-118.3403506,recyZM6mApJymUQ6S,10/23/2023 10:27 AM,10/23/2023 10:27 AM,,,,
FALSE,Not in LA County,181,Micro Center,ChIJCd0kSVbZ3IAR7od9k5MdJUM,Micro Center,1,33.7245483,-117.8328988,recHBA8qfAh7RwUTr,2/20/2024 7:29 PM,2/20/2024 7:29 PM,,,Skye,My favorite store for anything tech-related.
TRUE,,182,Six Flags Magic Mountain,ChIJxWX6v6WAwoARQEdzPETBA48,Six Flags Magic Mountain,1,34.4249209,-118.5958464,rece3HUiSd3cL7fCB,2/20/2024 7:29 PM,2/20/2024 7:29 PM,,,,
TRUE,,183,Hermosa Beach,ChIJrTm74X6zwoARQM6_cTJOEis,Hermosa Beach,1,33.8622366,-118.3995194,recinQC5ciQZ5Ab6E,2/20/2024 7:29 PM,2/20/2024 7:29 PM,,,,
TRUE,,184,The Queen Mary,ChIJlWtAnNgw3YARNP74lzYz21U,The Queen Mary,1,33.7526356,-118.1903235,recLHFdNxnD2nzF6k,2/20/2024 7:29 PM,2/20/2024 7:29 PM,,,,
TRUE,,185,ALittle Tea,ChIJiz2hv-fbwoARVSjxwtlcXac,ALittle Tea,1,34.0794844,-118.1021446,recGZ9C8SD5RGAriN,2/20/2024 7:29 PM,2/20/2024 7:29 PM,,,,
TRUE,,186,Ramen Maruya,ChIJm2-G7EfGwoARQWz92tEcGNE,Ramen Maruya,1,34.0491164,-118.2397439,recHPkbdG2y1IYwQW,2/20/2024 7:30 PM,2/20/2024 7:30 PM,,,,
FALSE,Not in LA County,187,San Diego County,ChIJHWD_IzDr24ARKAeA6yv9DTU,San Diego County,1,33.0933809,-116.6081653,rec34lB6hvUkiiYPw,2/20/2024 7:30 PM,2/20/2024 7:30 PM,,,Skye,Its another city very close to us Sea World
TRUE,,188,Zuma Beach,ChIJZxH9JkIY6IARIy-IeDUyvIo,Zuma Beach,1,34.0218023,-118.8311897,recLHeOKimZl5wzqz,2/20/2024 7:30 PM,2/20/2024 7:30 PM,,,,
TRUE,"Downtown Culver City (Google Maps is renaming it just ""Downtown"")",189,Downtown,ChIJ-bme7Sm6woARUhsNHFtsBVQ,Downtown,1,34.0226802,-118.3965933,recZmouQBAdAFHx6x,2/20/2024 7:30 PM,2/20/2024 7:30 PM,,,,
TRUE,,190,"Moonlight Rollerway, Inc.",ChIJ-WnXNF_AwoARXvEjyjV_n28,Moonlight Rollerway,1,34.1447614,-118.2702507,reczby2Ub1aRhw5fz,2/20/2024 7:30 PM,2/20/2024 7:30 PM,,,,
TRUE,,191,Crypto.com Arena,ChIJkyrqXbjHwoAR1bJ76zx89B8,Crypto.com Arena,1,34.0430175,-118.2672541,reclSTqsFQys2ON8w,2/20/2024 7:30 PM,2/20/2024 7:30 PM,,,,
TRUE,,192,Pacific Boulevard,EiZQYWNpZmljIEJsdmQsIEh1bnRpbmd0b24gUGFyaywgQ0EsIFVTQSIuKiwKFAoSCaXmiyEiycKAEViaDnpoX6u1EhQKEgmFxTlWMMnCgBEM1T-RTM8_TA,Pacific Boulevard,1,33.9812544,-118.225257,recB0xLkzYsls1i8Z,2/20/2024 7:30 PM,2/20/2024 7:30 PM,,,,
TRUE,,193,Thai Paradise,ChIJDcy3cl3FwoARrabMXBC7Qes,Thai Paradise,1,34.0635223,-118.134552,recnmd2JlV3vepi72,2/20/2024 7:31 PM,2/20/2024 7:31 PM,,,,
TRUE,,194,Sonny's Handcrafted Ice Cream,ChIJU3xlmsGXwoARxcZzNWBEGbA,Sonny's Handcrafted Ice Cream,1,34.1524289,-118.4610016,recli18sY2B0kFrRf,2/20/2024 7:31 PM,2/20/2024 7:31 PM,,,,
FALSE,Airport,195,Ontario International Airport,ChIJp9TPWvw0w4ARO1JZyBbtxJ8,Ontario airport (ONT),1,34.0559976,-117.5980922,rectYgwfVHezn3kDa,2/20/2024 7:31 PM,2/20/2024 7:31 PM,,,Skye,"Very nice, smaller airport."
TRUE,,196,Descanso Gardens,ChIJx9y0KwfqwoAR5-sWU6kp8iA,Descanso Gardens,1,34.2009509,-118.2118943,recM74caQ0b9w7j3R,2/20/2024 7:31 PM,2/20/2024 7:31 PM,,,,
TRUE,,197,Sul,ChIJa1TWxpq4woARqCguoBjcSa0,Sul,1,34.0628982,-118.3100064,rec6tuF0Z0az8hAvm,2/20/2024 7:31 PM,2/20/2024 7:31 PM,,,,
TRUE,,198,Urth Caffe,ChIJF1qcgTvGwoARn7ujAJGHC1Y,Urth Caffe,1,34.0419377,-118.235274,recxMiLUxRPOPFKVP,2/20/2024 7:31 PM,2/20/2024 7:31 PM,,,,
TRUE,,199,3rd Street Promenade,EjEzcmQgU3RyZWV0IFByb21lbmFkZSwgU2FudGEgTW9uaWNhLCBDQSA5MDQwMSwgVVNBIi4qLAoUChIJn00flM-kwoARJCyvzSGDm6oSFAoSCRkAkcLOpMKAEav1I_-1Che0,3rd Street Promenade,1,34.0164013,-118.4968895,recY0j03BVkc3J6Iw,2/20/2024 7:32 PM,2/20/2024 7:32 PM,,,,
TRUE,,200,University of La Verne,ChIJ4b2qp00uw4ARfepBep1ZQ8E,University of La Verne,1,34.1002277,-117.7715774,recVNhO7ebCA2Xz0w,2/20/2024 7:32 PM,2/20/2024 7:32 PM,,,,
TRUE,,201,SoFi Stadium,ChIJT4_7y4a3woARcEGeJLecuV8,SoFi Stadium,1,33.9534651,-118.3390396,recofmxbnnV19s86N,2/20/2024 7:32 PM,2/20/2024 7:32 PM,,,,
TRUE,,202,Toyota Sports Performance Center,ChIJbeJwgSu1woARycP3wwUyysQ,Toyota Sports Performance Center,1,33.921695,-118.3883489,recjfETFwJjqvZbai,2/20/2024 7:32 PM,2/20/2024 7:32 PM,,,,
TRUE,,203,Saigon Bakery,ChIJhSv6LfzbwoARryZvwHqAlYM,Saigon Bakery,1,34.0799926,-118.0913614,recert2taDXrwH9UX,2/20/2024 7:32 PM,2/20/2024 7:32 PM,,,,
TRUE,,204,Little Tokyo Market Place,ChIJMSC0vTnGwoAREzlQ-kYSOTs,Little Tokyo Market Place,1,34.0448212,-118.2388758,recz5WrPYe1nKqnwW,2/20/2024 7:32 PM,2/20/2024 7:32 PM,,,,
TRUE,,205,SUGARFISH by sushi nozawa,ChIJoQYoin-6woARD9eSq3OWN8w,SUGARFISH by sushi nozawa,1,33.9789555,-118.4381482,recd2wojQruNdtZ1r,2/20/2024 7:32 PM,2/20/2024 7:32 PM,,,,
TRUE,,206,Toasted,ChIJFW7qJ0frwoARN8qLa5XswoE,Toasted,1,34.2063673,-118.2314254,recac1EdyBS4pnvUU,2/20/2024 7:33 PM,2/20/2024 7:33 PM,,,,
TRUE,,207,Bonelli park,ChIJbXUyQ9ovw4AR9sn1PJLPqJE,Bonelli park,1,34.0925662,-117.7980267,reclfQxvnPtlHNd8s,2/20/2024 7:33 PM,2/20/2024 7:33 PM,,,,
TRUE,,208,Grand Central Market,ChIJ53JDjkvGwoAR2NMG6_1OnUg,Grand Central Market,1,34.050872,-118.2490552,recHGBrgKrh8ipOVV,2/20/2024 7:34 PM,2/20/2024 7:34 PM,,,,
TRUE,,209,Larchmont Village,ChIJIYEpscC4woARnuTQERlE7BM,Larchmont Village,1,34.0730556,-118.3238889,recT9r46w9yqHs1EE,2/20/2024 7:34 PM,2/20/2024 7:34 PM,,,,
FALSE,Needs a more specific location along Whittier Blvd,210,Whittier Boulevard,EiBXaGl0dGllciBCbHZkLCBXaGl0dGllciwgQ0EsIFVTQSIuKiwKFAoSCffPLcfG08KAEadY086uliDSEhQKEgn3h3pVhtPCgBFaJEDBR32oJw,Whittier Blvd,1,33.9610971,-118.0291903,recSFGi1vRfwitjbz,2/20/2024 7:34 PM,2/20/2024 7:34 PM,,,West,"I love going to the bridge that runs over the tracks leaving union Station and watching trains go by I feel alone, protected, but not completely alone. (Obv) I feel like I'm stuck in the 60s kinda, and the people driving by see me as a stamp of the past. (I'm not crazy I swear.)"
TRUE,,211,Fairplex,ChIJC1nifkQuw4ARB_0DE1uMiPA,Fairplex,1,34.0809481,-117.7665555,rec3wHYi41iElDSrg,2/20/2024 7:34 PM,2/20/2024 7:34 PM,,,,
TRUE,,212,The Getty Villa,ChIJBw1wGumjwoARsKRsr2WJ-eQ,J. Paul Getty Museum,1,34.0458857,-118.5648608,recUIJBkdiguqbZC8,2/20/2024 7:34 PM,2/20/2024 7:34 PM,,,,
TRUE,,213,Green Store,ChIJow9dp4SzwoARMEAi97tMorE,Green Store,1,33.8691844,-118.403621,rec4loiGR6kFl45tT,2/20/2024 7:35 PM,2/20/2024 7:35 PM,,,,
FALSE,"this location is not in LA, update to one that is",214,Boiling Point,ChIJvUcukdwn3YARk3Zo_ma82iE,Boiling Point,1,33.7613889,-117.9533333,reczWYDYkK9uSOSsD,2/20/2024 7:35 PM,2/20/2024 7:35 PM,,,Megan Teresa,*wait idk if this is the LA location* Anyway they have DELICIOUS hot pot but its your own pot instead of sharing it with others (haha). Its also affordable and you can shop around Pasadena in the meantime :).
TRUE,,215,Goodwill Southern California Outlet Store,ChIJh064HinBwoAR3XKXW8Lopp0,Goodwill Southern California Outlet Store,1,34.11511,-118.2485607,recirc2FepIfjJFrV,2/20/2024 7:35 PM,2/20/2024 7:35 PM,,,,
TRUE,,216,Boccato's Groceries,ChIJHdvhN5CzwoAR2wzkgzxh6Gg,Boccato's Groceries,1,33.8756135,-118.4062326,recaJAAOpzkyToMb0,2/20/2024 7:36 PM,2/20/2024 7:36 PM,,,,
TRUE,,217,Tenkatori USA,ChIJX6XXhGa1woAROIlih2zlffE,Tenkatori USA,1,33.8720352,-118.30776,recEgkNomgCU7L2RM,2/20/2024 7:37 PM,2/20/2024 7:37 PM,,,,
TRUE,,218,Echo Park Lake,ChIJVd4G6gTHwoAR9IgRs-bC1pk,Echo Park Lake,1,34.0728733,-118.2605195,recGSGQNrvQJZhOzt,2/20/2024 7:38 PM,2/20/2024 7:38 PM,,,,
TRUE,,219,USC Village,ChIJeawyT4bHwoARNqQderaTgJM,USC Village,1,34.0250132,-118.2853451,recXxocbkh5zKWHTs,2/20/2024 7:39 PM,2/20/2024 7:39 PM,,,,
TRUE,,220,Horchata Coffee Churros,ChIJTagV4tXMwoARtQXfshS4yow,Horchata Coffee Churros,1,33.8884267,-118.1597837,recEwQpK7OS5ji645,2/20/2024 7:41 PM,2/20/2024 7:41 PM,,,,
TRUE,,221,Lafayette Park,ChIJtUndzb7HwoAR3nKo9ZSoSxk,Lafayette Park,1,34.0618422,-118.2836517,rec0teubWvUgk0tkD,2/20/2024 7:41 PM,2/20/2024 7:41 PM,,,,
TRUE,,222,Sushi Gala / Las Galas,ChIJbwC37EfGwoARDBM2QlVU3a4,Sushi Gala / Las Galas,1,34.0493054,-118.2397804,recsEdJqWbPhAugTs,2/20/2024 7:48 PM,2/20/2024 7:48 PM,,,,
FALSE,Too general,223,Burbank,ChIJlcUYKBWVwoAR1IofkK-RdzA,Burbank,1,34.1808392,-118.3089661,rec6ER0CYhGkip2cd,2/20/2024 7:48 PM,2/20/2024 7:48 PM,,,Jake,I want to
FALSE,Not in LA County,224,Ruth's Chris Steak House,ChIJhbknrOfX3IARscjAgODIjVA,Ruth's Chris Steak House,1,33.7975325,-117.9155932,receGjyUqFkI4Eva7,2/20/2024 7:49 PM,2/20/2024 7:49 PM,,,Vince,“But she want Ruth Chris”- Playboi Carti
TRUE,,225,South LA Cafe,ChIJ3QWOHvy5woARVeFyYcyUq1s,South LA Cafe,1,34.0117509,-118.3091487,recW2nNTXSo2FnHJF,2/20/2024 7:52 PM,2/20/2024 7:52 PM,,,,
FALSE,Too general,226,Figueroa Street,EiFGaWd1ZXJvYSBTdCwgTG9zIEFuZ2VsZXMsIENBLCBVU0EiLiosChQKEgnTgZyICjbdgBHdxN_mnfWneBIUChIJE9on3F3HwoAR9AhGJW_fL-I,Figueroa Street,1,33.9164262,-118.282757,rec5HoVV6UKG6cthT,2/20/2024 7:53 PM,2/20/2024 7:53 PM,,,Alex,Got a piece of change and they’ll do something strange
TRUE,,227,Ramen Boy,ChIJyV2c-3RbwoARBG-lJUQx3r4,Ramen Boy,1,34.675376,-118.1675361,receIWbpRXVqUr6SY,2/21/2024 8:31 AM,2/21/2024 8:31 AM,,,,
TRUE,,228,Bin Store Gems,ChIJQTvf8oZFwoARXQ95AnfhuOQ,Bin Store Gems,1,34.6988788,-118.1735929,rec4ZWQnKKP9Isy6Y,2/21/2024 8:32 AM,2/21/2024 8:32 AM,,,,
TRUE,,229,The Culver Steps,ChIJYwe1X4m7woARY9am5WBfVqg,The Culver Steps,1,34.0242691,-118.3937149,rec64rsfgsYlkpoXG,2/29/2024 11:20 PM,2/29/2024 11:20 PM,,,,
TRUE,,230,The Strand,EiRUaGUgU3RyYW5kLCBNYW5oYXR0YW4gQmVhY2gsIENBLCBVU0EiLiosChQKEgkt-w7yk7PCgBHvpGPOrZuEqBIUChIJL2Ow4sWzwoARIEUV9NRRAwc,The Strand,1,33.888676,-118.4140647,recpSMWkZI28jage7,2/29/2024 11:21 PM,2/29/2024 11:21 PM,,,,
TRUE,,231,Dodger Stadium,ChIJdVYAVPnGwoAR3wmcg09VlJ4,Dodger Stadium,1,34.073851,-118.2399583,recqA2XzmaeQnvcVq,2/29/2024 11:22 PM,2/29/2024 11:22 PM,,,,
TRUE,,232,Venice Beach,ChIJ512buqS6woAReLLWQupEX2A,Venice Beach,1,33.9932584,-118.480598,recXw72vUlbv5dOiZ,2/29/2024 11:24 PM,2/29/2024 11:24 PM,,,,
FALSE,Airport,233,Los Angeles International Airport,ChIJtU-yE9KwwoAR8a2LaVd7qHc,LAX airport (LAX),1,33.942153,-118.4036052,recKGFwQmqMY4VtIy,2/29/2024 11:24 PM,2/29/2024 11:24 PM,,,Miles,To leave LA
TRUE,,234,Hidden Treasures,ChIJ0faiD-ihwoARSsN-227igYg,Hidden Treasures,1,34.0891056,-118.6029528,rec3fQm45D4huy3GY,3/4/2024 6:21 PM,3/4/2024 6:21 PM,,,,
TRUE,,235,Jeni's Splendid Ice Creams,ChIJgbl_IrDAwoARjm3IDmuUfDQ,Jeni's Ice Creams,1,34.1069782,-118.287284,recVJTksfBfDHwnfl,3/4/2024 6:22 PM,3/4/2024 6:22 PM,,,,
TRUE,,236,Barnes,ChIJlzj68z3X3IARueYoyYVl-OE,Barnes,1,34.072096,-118.3582928,recctJ6QFgM5k87D0,3/4/2024 6:23 PM,3/4/2024 6:23 PM,,,,
FALSE,not in LA County - maybe Huntington Library and Gardens?,237,Huntington Gardens,ChIJe9W_Jb8l3YAR63drQllWmjU,Huntington Gardens,1,33.7234191,-118.0429763,recyJFiKwiK7SgZYN,3/4/2024 6:25 PM,3/4/2024 6:25 PM,,,Allegra,beautiful arrangement of gardens with plants from different places around the world
TRUE,,238,Gloria Molina Grand Park,ChIJ_STuCE7GwoAR3vCqfD2J9es,Grand Park,1,34.0563289,-118.2467713,recNedExtqx7zniV4,3/4/2024 10:26 PM,3/4/2024 10:26 PM,,,,
TRUE,,239,Placita Olvera,ChIJp8Kl0onHwoAR7Y4PrIpIEUY,Placita Olvera,1,34.0576075,-118.2379223,recg0DA3CPBpmQCPR,3/4/2024 10:28 PM,3/4/2024 10:28 PM,,,,
TRUE,,240,Bon Shabu,ChIJK_UM1IK4woARErtZmu-_10k,Bon Shabu,1,34.061458,-118.299784,recDHesiID2L3809U,3/5/2024 8:14 AM,3/5/2024 8:14 AM,,,,
TRUE,,241,The OP Cafe,ChIJNXnoXhu7woAR8itd_F4l4us,The OP Cafe,1,34.021001,-118.4525772,recpRVYx5fMk21aFh,3/5/2024 8:15 AM,3/5/2024 8:15 AM,,,,
TRUE,,242,The Last Bookstore,ChIJ7YJ_IkrGwoARNak4CDihkYU,The Last Bookstore,1,34.0476964,-118.2498964,recnTDhCsx01jFfdP,3/5/2024 8:16 AM,3/5/2024 8:16 AM,,,,
TRUE,,243,Topgolf,ChIJxfvJJAGxwoARm0f0v4rnJyo,Topgolf,1,33.9102637,-118.3943333,recsVtzMQUZeA3R8c,3/5/2024 8:53 AM,3/5/2024 8:53 AM,,,,
TRUE,,244,Cream Pan Bakery Lomita,ChIJfb87bsFL3YARH-ItmbVEsgI,Cream Pan Bakery Lomita,1,33.8063369,-118.3196657,rec0eIY2UiiOgkTVm,3/5/2024 8:54 AM,3/5/2024 8:54 AM,,,,
TRUE,,245,Three Spice Thai Kitchen,ChIJSwtIMHq1woARfX-xQWidN3M,Three Spice Thai Kitchen,1,33.8818013,-118.3089646,recm9tvAG28WyAbW5,3/5/2024 9:51 AM,3/5/2024 9:51 AM,,,,
TRUE,,246,Sandpiper Books,ChIJ7yHCBcy0woAR-dJvrDJ5S0k,Sandpiper Books,1,33.8390408,-118.36318,recaH9Wwo3NH9UOK9,3/5/2024 9:52 AM,3/5/2024 9:52 AM,,,,
TRUE,,247,Delthorne Park,ChIJSSsMHyi1woARji9R5g0DjG8,Delthorne Park,1,33.8473298,-118.3458296,rec5WDjiJSWKHJWUI,3/5/2024 9:53 AM,3/5/2024 9:53 AM,,,,
TRUE,,248,Annenberg Community Beach House,ChIJj3QxTJSkwoARUiP8kFIkNqc,Annenberg Community Beach House,1,34.0244025,-118.5133233,reclxxdGmZlFoepeq,3/5/2024 5:18 PM,3/5/2024 5:18 PM,,,,
TRUE,,249,Westfield Century City,ChIJhcGq9Iy7woARs8VXy7WsEZ0,Westfield Century City,1,34.0586592,-118.4190309,recLXtRlfZTAxDB2w,3/6/2024 8:00 AM,3/6/2024 8:00 AM,,,,
TRUE,,250,Marina del Rey,ChIJLbMF8IqwwoARns4Lm7HaVpc,Marina del Rey,1,33.9802893,-118.4517449,recyBwwZfaO2cnVHd,3/6/2024 8:13 AM,3/6/2024 8:13 AM,,,,
TRUE,,251,Exposition Park,ChIJOe8VwQnIwoARB-EGOd2XBfY,Exposition Park,1,34.0149382,-118.2861984,rec5KPnfLwu2IhEnd,3/6/2024 5:16 PM,3/6/2024 5:16 PM,,,,
TRUE,,252,Buena Vista Branch Library,ChIJY1y029u_woAR-bcYlIXsM2U,Buena Vista Branch Library,1,34.164125,-118.3304556,recxWHZ67Up24h5VD,3/6/2024 6:04 PM,3/6/2024 6:04 PM,,,,
TRUE,,253,Fern Dell Nature Trail,ChIJa_vDely_woAR7bHQTLLrWrI,Fern Dell Nature Trail,1,34.1093847,-118.3076918,recJapdqCvosg6Eef,3/6/2024 7:24 PM,3/6/2024 7:24 PM,,,,
TRUE,,254,Thailicious,ChIJWTwqUKkt3YARv3vBZsfnisc,Thailicious,1,33.8595894,-118.0721556,recMrj5indkYw8FGq,3/6/2024 9:46 PM,3/6/2024 9:46 PM,,,,
FALSE,Not in LA County,255,Thanh Tam Bakery,ChIJ3ZX2C-4n3YARqkJM7LannbY,Thanh Tam Bakery,1,33.7583333,-117.9380556,recroS3Lbyt9imVJW,3/6/2024 9:47 PM,3/6/2024 9:47 PM,,,Ella,Thanh Tam has been my family's go-to banh mi (Vietnamese sandwich) place for years. The sandwiches are cheap and delicious!!
FALSE,Too general,256,Century City,ChIJq9_06PK7woARessS9HTLWnQ,Century City,1,34.0536608,-118.4133894,rech2bUposryxTTrB,3/7/2024 11:25 AM,3/7/2024 11:25 AM,,,Juju,"I volunteer somewhere near there, and i also like the mall!"
TRUE,,257,Westwood Village,ChIJcYwTcIG8woARuraTYAMDvHk,Westwood Village,1,34.0617664,-118.4447863,reclZnH3vk2KA4NhW,3/8/2024 12:49 PM,3/8/2024 12:49 PM,,,,
TRUE,,258,Redondo Beach Pier,ChIJowa2Fae0woAR4Foh-gQHF-g,Redondo Beach Pier,1,33.8391453,-118.3909768,rectjDPU02K0UI6li,3/8/2024 12:49 PM,3/8/2024 12:49 PM,,,,
FALSE,Too general,259,Rancho Palos Verdes,ChIJn41UcNpL3YARtJSWblt_RME,Palos Verdes,1,33.7444613,-118.3870173,recUBn6NSEeV5g0Ok,3/8/2024 12:50 PM,3/8/2024 12:50 PM,,,Riley,Fun
TRUE,,260,Wiseburn Library,ChIJwY28-h60woAR5Tvl27anb90,Wiseburn Library,1,33.9097953,-118.3735339,recntCQ95YkjE4D9V,3/8/2024 12:50 PM,3/8/2024 12:50 PM,,,,
FALSE,Too general,261,Pasadena,ChIJUQszONzCwoARSo_RGhZBKwU,Pasadena,1,34.1477849,-118.1445155,recKFzopROhbgJrbo,3/8/2024 12:50 PM,3/8/2024 12:50 PM,,,Riley,Fun
FALSE,Too general,262,Culver City,ChIJnXN32x66woAR_lnrS9HphTE,Culver City,1,34.0211224,-118.3964665,recsDIObVJHP5RWmg,3/8/2024 5:02 PM,3/8/2024 5:02 PM,,,Sage,I work there and need to get there faster.
TRUE,,263,Resin,ChIJ42q_Ed-zwoARPHL7S31iCbc,Resin,1,33.8587531,-118.3951555,rec6EAef651GvjKIT,3/8/2024 5:03 PM,3/8/2024 5:03 PM,,,,
FALSE,Too general,264,Downtown Los Angeles,ChIJAf09JTTGwoARIKmlGd9S_iY,Downtown Los Angeles,1,34.0487969,-118.2517828,recJBeLzw4cEwJdEu,3/8/2024 5:03 PM,3/8/2024 5:03 PM,,,Lori,Nightlife
TRUE,,265,"Leimert Park Village Plaza, People St.",ChIJGf09zYm3woARHwlyrD3mYnY,Leimert Park Village Plaza,1,34.0042745,-118.3310122,recT0lu084GW3j22m,3/8/2024 5:56 PM,3/8/2024 5:56 PM,,,,
TRUE,,266,Earl Burns Miller Japanese Garden,ChIJN3Olj9sx3YARENSit3gqJeY,Earl Burns Miller Japanese Garden,1,33.7852766,-118.119816,recmQT3MKF3CIVipw,3/9/2024 7:32 AM,3/9/2024 7:32 AM,,,,
TRUE,,267,Tierra Mia Coffee Drive Thru,ChIJn8cypV4x3YARo3-hoPZtHHQ,Tierra Mia Coffee Drive Thru,1,33.7901061,-118.1875636,recebQIDndmlAYr1m,3/9/2024 7:41 AM,3/9/2024 7:41 AM,,,,
FALSE,Too general,268,Rancho Palos Verdes,ChIJn41UcNpL3YARtJSWblt_RME,Palos Verdes,1,33.7444613,-118.3870173,rec4YsR6ayQWpwr9G,3/12/2024 1:28 PM,3/12/2024 1:28 PM,,,Sui,It brings me peace
TRUE,,269,Kenneth Hahn State Recreation Area,ChIJXZG-D8O5woAR4lzvU1SEPfE,Kenneth Hahn State Recreation Area,1,34.012322,-118.3717552,reciuBFsIAszPRsYb,3/12/2024 1:51 PM,3/12/2024 1:51 PM,,,,
TRUE,,270,Universal CityWalk Hollywood,ChIJdzBcVka-woARXKXAmSS8NW4,Universal CityWalk Hollywood,1,34.1361697,-118.3537322,recIXGgDsyuzeF29z,3/12/2024 1:53 PM,3/12/2024 1:53 PM,,,,
TRUE,,271,The Getty,ChIJbzYnQte8woARJaqqFVpKeNo,Getty Center,1,34.0780358,-118.4740954,recTlpxTbewWr2wCr,3/12/2024 2:18 PM,3/12/2024 2:18 PM,,,,
TRUE,,272,African American Cultural Center,ChIJI1uL3p4z3YARtNiANcrfTPs,African American Cultural Center,1,33.8349697,-118.1854957,recAHP0S7tqWv8E3b,3/12/2024 2:19 PM,3/12/2024 2:19 PM,,,,
TRUE,,273,Salt,ChIJx7yfNjnGwoARZWc_tonTYBs,Salt,1,34.0459932,-118.2354889,recV71JMstKgKLwqg,3/12/2024 4:11 PM,3/12/2024 4:11 PM,,,,
TRUE,,274,Folia Collective,ChIJmzOAHV_DwoARu2vl6Wiwbx4,Folia Collective,1,34.1384602,-118.214065,recodh1QZZs6zipyo,3/12/2024 4:13 PM,3/12/2024 4:13 PM,,,,
TRUE,,275,Hammer Museum,ChIJ9SNj34G8woARHOdEq52UX6k,Hammer Museum,1,34.0591217,-118.4436674,recLrSo3Wghu5ofGT,3/12/2024 4:47 PM,3/12/2024 4:47 PM,,,,
TRUE,,276,The Grove,ChIJwwPTwi-5woARbtuI_49vkMM,The Grove,1,34.0719407,-118.3575164,recRvto4WRwFKp4wo,3/12/2024 4:52 PM,3/12/2024 4:52 PM,,,,
TRUE,,277,Ocean Trails Reserve,ChIJ2b9syAtJ3YAR-eRZedkkoIs,Ocean Trails Reserve,1,33.7285556,-118.3405995,rectjnzFyiCXvamBQ,3/12/2024 4:56 PM,3/12/2024 4:56 PM,,,,
TRUE,,278,Griffith Observatory,ChIJywjU6WG_woAR3NrWwrEH_3M,Griffith Observatory,1,34.1184341,-118.3003935,recYm2HRcWHGi58Fe,3/12/2024 6:59 PM,3/12/2024 6:59 PM,,,,
TRUE,,279,Los Angeles Union Station,ChIJz7SQuzfHwoAREE6nSE8ZMmo,Los Angeles Union Station,1,34.0562196,-118.2365021,rec18ZbZI0djadTmw,3/12/2024 7:36 PM,3/12/2024 7:36 PM,,,,
TRUE,,280,Koreatown,ChIJn4XdaqG4woARwoAQCXIVNx0,Koreatown,1,34.0597117,-118.3008918,recr6Y8dVXFqmeTwB,3/12/2024 7:43 PM,3/12/2024 7:43 PM,,,,
TRUE,,281,California Science Center,ChIJ21yHTgjIwoARcrUbrsffOB4,California Science Center,1,34.0160316,-118.2861349,recackpPHHUjEk2hB,3/12/2024 10:39 PM,3/12/2024 10:39 PM,,,,
TRUE,,282,"Institute of Contemporary Art, Los Angeles",ChIJywE0DCTGwoARNPZpA-u_tek,Institute of Contemporary Art,1,34.035107,-118.235645,reccvMX1B4aniPJNC,3/12/2024 10:43 PM,3/12/2024 10:43 PM,,,,
FALSE,Too general,283,Hollywood Hills,ChIJx-6t1Py-woARwmCYDqelJfE,Hollywood Hills,1,34.1193155,-118.353079,recG0YgUtuNwXk0su,3/13/2024 1:57 PM,3/13/2024 1:57 PM,,,Eliseo Rosa’s,It’s really coo sight
TRUE,,284,Compton Creek Natural Park,ChIJj-DRCajLwoARjgO2UW48zjw,Compton Creek Natural Park,1,33.9045567,-118.241586,recXmopmYguKN3VLZ,3/13/2024 2:00 PM,3/13/2024 2:00 PM,,,,
FALSE,Too general,285,Ladera Heights,ChIJ9QCrGVy3woARFGTvsjv0AUk,Ladera Heights,1,33.9877762,-118.3703703,recS5RzZoBqy5gWlc,3/13/2024 2:05 PM,3/13/2024 2:05 PM,,,Nyles,I grew up playing baseball at ladera little league and went to day care in the area. I go back to help coach my former coaches little league team in the winter.
TRUE,,286,Kia Forum,ChIJy3VFXVS2woARBmn6yKDq7rE,Kia Forum,1,33.9580853,-118.3420621,rec5yoIeThg8w94ww,3/13/2024 2:10 PM,3/13/2024 2:10 PM,,,,
TRUE,,287,Yogurtland Compton,ChIJUYpMX27LwoARcUIEowVu21M,Yogurtland Compton,1,33.8963721,-118.2216246,recFKY74DI4IDRsSs,3/13/2024 2:10 PM,3/13/2024 2:10 PM,,,,
TRUE,,288,Natural History Museum of Los Angeles County,ChIJXzARBf3HwoARJyT7uZSV-G4,Natural History Museum of Los Angeles County,1,34.0171448,-118.2886635,recd5rgTgYgOJrLAq,3/13/2024 2:11 PM,3/13/2024 2:11 PM,,,,
TRUE,,289,Panda Express,ChIJQ6A-whbJwoARgZdh6bZdJNM,Panda Express,1,33.9740493,-118.2334004,recGxLY6XIitHFlle,3/13/2024 2:13 PM,3/13/2024 2:13 PM,,,,
TRUE,,290,Patria Coffee Roasters,ChIJ-bvuR-zLwoARSZ3sHnkx4Aw,Patria Coffee Roasters,1,33.8963927,-118.219638,recZpPeMAKDFMLPGx,3/13/2024 2:14 PM,3/13/2024 2:14 PM,,,,
FALSE,Too general,291,Long Beach,ChIJWdeZQOjKwoARqo8qxPo6AKE,Long Beach,1,33.7700504,-118.1937395,rec8gPRffFDfmM5Ti,3/13/2024 2:17 PM,3/13/2024 2:17 PM,,,Kesar,I love going there because I get to spend time with my family
TRUE,,292,HiroNori Craft Ramen (Long Beach),ChIJY-UWHTEz3YARXZaO--2trc0,HiroNori Craft Ramen (Long Beach),1,33.8316059,-118.1845762,recJAG8CES3WS2MHH,3/13/2024 2:42 PM,3/13/2024 2:42 PM,,,,
FALSE,Too general,293,Santa Monica,ChIJGQCRws6kwoARq_Uj_7UKF7Q,Santa Monica,1,34.0194543,-118.4911912,recXIdDlVOQOy1m8B,3/13/2024 2:54 PM,3/13/2024 2:54 PM,,,Jasmin,Pier/entertainment
FALSE,Too general,294,Los Angeles,ChIJE9on3F3HwoAR9AhGJW_fL-I,Los Angeles,1,34.0549076,-118.242643,recmCldKYC1ragDKh,3/13/2024 3:50 PM,3/13/2024 3:50 PM,,,arlene,to explore
FALSE,Too general,295,Los Angeles,ChIJE9on3F3HwoAR9AhGJW_fL-I,Los Angeles,1,34.0549076,-118.242643,recjDyOOpWmD5Rups,3/13/2024 3:50 PM,3/13/2024 3:50 PM,,,Johnnay,To visit friends
TRUE,,296,Autry Museum of the American West,ChIJ0Vsle2bAwoARTRWdvRY8hXU,Autry Museum of the American West,1,34.14862,-118.281213,recgVQ5LVQD4vpYEc,3/13/2024 3:51 PM,3/13/2024 3:51 PM,,,,
TRUE,,297,Peter Morton Medical Building - UCLA Medical Center,ChIJ0xmP9Ue9woAR1qn4kSWnsTg,UCLA Medical Center,1,34.0648474,-118.4471591,rec6UJkSx2HNTQZEV,3/13/2024 3:53 PM,3/13/2024 3:53 PM,,,,
TRUE,,298,Trader Joe's,ChIJqdUPZsnAwoARK02SOqchG8Q,Trader Joe's,1,34.1077921,-118.2717774,recciegxbRPnV160q,3/13/2024 3:54 PM,3/13/2024 3:54 PM,,,,
FALSE,Not in LA County,299,Yogurtland The Market Place,ChIJGzypYoDb3IARYsaSkdh7XfY,Yogurtland The Market Place,1,33.727438,-117.786456,recRPoJRFlO3GzkPx,3/13/2024 3:55 PM,3/13/2024 3:55 PM,,,Ruby,I live yogurtland
TRUE,,300,Nieves Xochi Oax,ChIJV1pCgq_HwoARlMatQIOJXQ8,Nieves Xochi Oax,1,34.0474564,-118.2861114,recwHEuPgQ8ZnhVD2,3/13/2024 4:45 PM,3/13/2024 4:45 PM,,,,
TRUE,,301,Guelaguetza Restaurant,ChIJKSPWlH-4woARrKJ5thvMBeY,Guelaguetza Restaurant,1,34.0524074,-118.3006681,recX11mMbWJ8sgH1X,3/13/2024 4:46 PM,3/13/2024 4:46 PM,,,,
TRUE,,302,Los Angeles County Museum of Art,ChIJsXqcyjy5woARNz6sOh0ZmwA,LACMA,1,34.0639323,-118.3592293,recwIvV4ptGBwZlfB,3/13/2024 6:08 PM,3/13/2024 6:08 PM,,,,
TRUE,,303,Little Tokyo,ChIJd3xCWU_GwoARBP7kXLY2T_E,Little Tokyo,1,34.0523392,-118.2395052,recRH9MhrQktPgQiP,3/13/2024 6:08 PM,3/13/2024 6:08 PM,,,,
TRUE,,304,Yellow Vase,ChIJ1aLTV1dL3YARPad_83DRygA,Yellow Vase,1,33.8166382,-118.3876221,recD2ENLdYjfY43DL,3/14/2024 9:46 AM,3/14/2024 9:46 AM,,,,
TRUE,,305,Yuzu Shabu,ChIJKViWjp8t3YARp-Twfsrgfj4,Yuzu Shabu,1,33.8571849,-118.089175,recSN2uJ2vXAv5Hcw,3/14/2024 9:47 AM,3/14/2024 9:47 AM,,,,
TRUE,,306,It's Boba Time,ChIJ2bUp8IK1woARhzxzW1DN2Lc,It's Boba Time,1,33.8894121,-118.3088693,rec3NMJIh4vLhw9PM,3/14/2024 11:03 AM,3/14/2024 11:03 AM,,,,
TRUE,,307,Honeymee Japanese Village,ChIJhwMu8UfGwoARU8hpiDf3VOE,Honeymee Japanese Village,1,34.0487924,-118.2400151,recJsUKgum2lCpqhf,3/14/2024 11:04 AM,3/14/2024 11:04 AM,,,,
TRUE,,308,Li'l Book Bug,ChIJpxEDQbJZwoARbbUY2GZwTPQ,Li'l Book Bug,1,34.5862615,-118.1467231,recgjbGOtHMElLV75,3/14/2024 6:43 PM,3/14/2024 6:43 PM,,,,
TRUE,,309,Old Pasadena,ChIJ672nCXHDwoARa0rApG0IIhw,Old Pasadena,1,34.1460422,-118.1499439,rec5cQPbyD9jlBBUB,3/15/2024 11:26 AM,3/15/2024 11:26 AM,,,,
TRUE,,310,El Dorado Nature Center,ChIJUdv_5g4u3YAR3ARfIQin_GU,El Dorado Nature Center,1,33.8098225,-118.0857107,recQ2s9ME0HD1TBLV,3/19/2024 9:00 AM,3/19/2024 9:00 AM,,,,
TRUE,,311,Santa Monica Pier,ChIJm6deTdekwoARTY_RzhoRms0,Santa Monica Pier,1,34.0082821,-118.4987585,recmjUC09ARuMZyWM,3/19/2024 7:46 PM,3/19/2024 7:46 PM,,,,
TRUE,Not in LA County but Metro does go there,312,Disneyland Park,ChIJa147K9HX3IAR-lwiGIQv9i4,Disneyland Park,1,33.8120918,-117.9189742,recdzTvaFsV7SzuFn,3/19/2024 7:47 PM,3/19/2024 7:47 PM,,,,
TRUE,,313,JapanLA,ChIJk4Ba2dS-woAR3RsJaVizgmw,JapanLA,1,34.0700404,-118.3443443,recMuTVZTojtRCoXu,3/19/2024 7:49 PM,3/19/2024 7:49 PM,,,,