google_place,google_place_id,user_entered_place,count,outside_la,lat,lon,Record ID,timedstamp,Last Modified,Category,Notes,first_name,description
3rd Street Promenade,EjEzcmQgU3RyZWV0IFByb21lbmFkZSwgU2FudGEgTW9uaWNhLCBDQSA5MDQwMSwgVVNBIi4qLAoUChIJn00flM-kwoARJCyvzSGDm6oSFAoSCRkAkcLOpMKAEav1I_-1Che0,3rd Street Promenade,4,,34.0164013,-118.4968895,recY0j03BVkc3J6Iw,2/20/2024 7:32pm,2/20/2024 7:32pm,,,Miles,The ice skating rink
626 Night Market,ChIJE7jOdpXbwoARWx1tqIs_QXM,626 Night Market,1,,34.1374478,-118.0466252,recSA3eq2RdCzjCoq,9/23/2023 11:22am,9/25/2023 9:38pm,Food,,,
African American Cultural Center,ChIJI1uL3p4z3YARtNiANcrfTPs,African American Cultural Center,1,,33.83496969999999,-118.1854957,recAHP0S7tqWv8E3b,3/12/2024 2:19pm,3/12/2024 2:19pm,,,Trez,my aunt suggested it
Agoura Hills,ChIJlRyqIx4h6IAR1v3fLa72Dqw,Agoura Hills,1,,34.1533395,-118.7616764,recGgM49P6HND9Q51,9/23/2023 11:14am,9/25/2023 9:36pm,City/Neighborhood,,,
ALittle Tea,ChIJiz2hv-fbwoARVSjxwtlcXac,ALittle Tea,1,,34.0794844,-118.1021446,recGZ9C8SD5RGAriN,2/20/2024 7:29pm,2/20/2024 7:29pm,,,Kelly,The boba is cheap and taste SOO good!
Alliance Dr. Olga Mohan High School,ChIJ6emEFsHHwoARRfGY1GZf1sM,Alliance Dr. Olga Mohan High School,1,,34.0368787,-118.2720064,recUsnqxnd7jf2zQp,9/23/2023 11:18am,9/25/2023 9:40pm,School,,,
Americana Way,EiZBbWVyaWNhbmEgV2F5LCBHbGVuZGFsZSwgQ0EgOTEyMTAsIFVTQSIuKiwKFAoSCYEhvhz_wMKAEcYSoGsZJEeqEhQKEgmpg_DIMsDCgBGmJsn-nqE_5Q,Americana Way,1,,34.1444317,-118.2552177,recsJa6NOhvNKOudW,9/23/2023 11:14am,9/25/2023 9:45pm,Mall/Shopping Area,,,
Amoeba Music,ChIJRdmfADq_woARYaVhnfQSUTI,Amoeba Music,1,,34.1013382,-118.3248299,recklwHnNBZbN3YAw,9/23/2023 11:13am,9/25/2023 9:45pm,Store,,,
Annenberg Community Beach House,ChIJj3QxTJSkwoARUiP8kFIkNqc,Annenberg Community Beach House,1,,34.0244025,-118.5133233,reclxxdGmZlFoepeq,3/5/2024 5:18pm,3/5/2024 5:18pm,,,Susan,Best beach for families!
Aquarium of the Pacific,ChIJtXzMMjAx3YARll7hgkff2pY,Aquarium of the Pacific,1,,33.7619735,-118.1969738,rec8jqDrwrIzfSBbk,9/23/2023 11:12am,9/25/2023 9:33pm,Museum,,,
Autry Museum of the American West,ChIJ0Vsle2bAwoARTRWdvRY8hXU,Autry Museum of the American West,1,,34.14862,-118.281213,recgVQ5LVQD4vpYEc,3/13/2024 3:51pm,3/13/2024 3:51pm,,,Layla,It seems fun and interesting
Barnes ,ChIJlzj68z3X3IARueYoyYVl-OE,Barnes ,1,,34.072096,-118.3582928,recctJ6QFgM5k87D0,3/4/2024 6:23pm,3/4/2024 6:23pm,,,Allegra,"Barns and Noble is so fun even if you aren’t going to buy a book, even talking to the employees about book recommendations is fun and it’s fun looking at all the books"
Beijing Dong Tian Salon,ChIJa9yu2KTbwoARtE6JeS8wjJc,Beijing Dong Tian Salon,1,,34.12751489999999,-118.0553745,recyJz5OdhqbMQnUp,9/23/2023 11:18am,9/23/2023 11:18am,,,,
Bel Air,ChIJ-_JObBm9woARWNTU1yslUeQ,Bel Air,1,,34.1002455,-118.459463,recfDJ4ysfNe9xcj9,9/23/2023 11:13am,9/25/2023 9:35pm,City/Neighborhood,,,
Beverly Hills,ChIJq0fR1gS8woAR0R4I_XnDx9Y,Beverly Hills,2,,34.0736204,-118.4003563,recBKpZrWTTvSd5n4,9/23/2023 11:13am,9/25/2023 9:29pm,City/Neighborhood,,,
Bin Store Gems,ChIJQTvf8oZFwoARXQ95AnfhuOQ,Bin Store Gems,1,,34.69887879999999,-118.1735929,rec4ZWQnKKP9Isy6Y,2/21/2024 8:32am,2/21/2024 8:32am,,,Victoria ,I always find good things for cheap hidden inside the bins.
Blaze Pizza,ChIJzzQhfV_DwoARkAD-fH-T8C0,Blaze Pizza,1,,34.14610450000001,-118.1366734,recPvFDGXxLQrMrEw,9/23/2023 11:14am,9/25/2023 9:44pm,Food,,,
BMO Stadium,ChIJWbtt4AjIwoAR3Iskktmqysg,BMO Stadium,1,,34.0127942,-118.284075,rec8s6FhmWXjmCAA0,9/23/2023 11:15am,9/25/2023 9:42pm,Sports Venue,,,
Boccato's Groceries,ChIJHdvhN5CzwoAR2wzkgzxh6Gg,Boccato's Groceries,1,,33.8756135,-118.4062326,recaJAAOpzkyToMb0,2/20/2024 7:36pm,2/20/2024 7:36pm,,,Louis,Best sandwiches for a beach day.
Boiling Point,ChIJvUcukdwn3YARk3Zo_ma82iE,Boiling Point,1,1,33.7613889,-117.9533333,reczWYDYkK9uSOSsD,2/20/2024 7:35pm,2/20/2024 7:35pm,,,Megan Teresa,*wait idk if this is the LA location* Anyway they have DELICIOUS hot pot but its your own pot instead of sharing it with others (haha). Its also affordable and you can shop around Pasadena in the meantime :).
Bon Shabu,ChIJK_UM1IK4woARErtZmu-_10k,Bon Shabu,1,,34.061458,-118.299784,recDHesiID2L3809U,3/5/2024 8:14am,3/5/2024 8:14am,,,Milo Drake ,the food is delicious! they have great soup options and it's a really friendly Japanese BBQ restaurant. It's close to a great bakery too! It's very close to the metro line stop.
Bonelli park,ChIJbXUyQ9ovw4AR9sn1PJLPqJE,Bonelli park,1,,34.0925662,-117.7980267,reclfQxvnPtlHNd8s,2/20/2024 7:33pm,2/20/2024 7:33pm,,,Bryce,"Recreation Area, Boating Trails"
Bonita High School,ChIJSUxP9bMvw4AR2nEDLLec46A,Bonita High School,1,,34.1077894,-117.7660346,recKsaRkgRrN2DXho,2/20/2024 7:36pm,2/20/2024 7:36pm,,,Bryce,School
Brentwood Country Mart,ChIJDTVwjVWjwoARv1KuBLF9Mnk,Brentwood Country Mart,1,,34.04756090000001,-118.4904484,rectvZrTgHot2C664,9/23/2023 11:18am,9/25/2023 9:40pm,Food,,,
Broadway,Eh9Ccm9hZHdheSwgU2FudGEgTW9uaWNhLCBDQSwgVVNBIi4qLAoUChIJO8nxFzS7woARpdmGIpRFUhYSFAoSCRkAkcLOpMKAEav1I_-1Che0,Broadway,1,,34.0250545,-118.481293,rec36GYD8XwBnPmMO,9/23/2023 11:15am,9/25/2023 9:55pm,City/Neighborhood,,,
Buena Vista Branch Library,ChIJY1y029u_woAR-bcYlIXsM2U,Buena Vista Branch Library,1,,34.164125,-118.3304556,recxWHZ67Up24h5VD,3/6/2024 6:04pm,3/6/2024 6:04pm,,,Ariella ,I can borrow books there and discover new ones to read!
Burbank,ChIJlcUYKBWVwoAR1IofkK-RdzA,Burbank,1,,34.1808392,-118.3089661,rec6ER0CYhGkip2cd,2/20/2024 7:48pm,2/20/2024 7:48pm,,,Jake,I want to
Burbank Town Center,ChIJ82gqt1qVwoARA3FAzuGuGUI,Burbank Town Center,1,,34.1833089,-118.3120909,recKzH3LvVogUkGGv,9/23/2023 11:17am,9/25/2023 9:41pm,Mall/Shopping Area,,,
Cafe Bizou,ChIJ9VNExxEk6IARr7glcirQByY,Cafe Bizou,1,,34.14819649999999,-118.7827435,recmwMn5JkUtW4Kwg,9/23/2023 11:16am,9/25/2023 9:41pm,Food,,,
California Science Center,ChIJ21yHTgjIwoARcrUbrsffOB4,California Science Center,1,,34.0160316,-118.2861349,recackpPHHUjEk2hB,3/12/2024 10:39pm,3/12/2024 10:39pm,,,Alfina,"It’s great to explore and learn about science, and there’s so many fun things to do"
Camarillo Street,EiJDYW1hcmlsbG8gU3QsIExvcyBBbmdlbGVzLCBDQSwgVVNBIi4qLAoUChIJgXLe4SC-woARUDAWi9JWrdcSFAoSCRPaJ9xdx8KAEfQIRiVv3y_i,Camarillo Street,1,,34.1576686,-118.3653602,recmC6HoUNoUsUT5G,9/23/2023 11:15am,9/25/2023 10:01pm,Mall/Shopping Area,Camarillo Outlets?,,
Carson,ChIJfcS6fx7LwoARZYDiqXgXL6E,Carson,1,,33.8316745,-118.281693,recxWei8RRoRdKjqC,9/23/2023 11:15am,9/25/2023 9:36pm,City/Neighborhood,,,
Castle BBQ,ChIJvT_VHqW4woARoslC6oj4Sho,Castle BBQ,1,,34.0799234,-118.3095128,recjCdTLNlnT8eC9k,9/23/2023 11:14am,9/25/2023 9:45pm,Food,,,
Century City,ChIJq9_06PK7woARessS9HTLWnQ,Century City,1,,34.0536608,-118.4133894,rech2bUposryxTTrB,3/7/2024 11:25am,3/7/2024 11:25am,,,Juju,"I volunteer somewhere near there, and i also like the mall!"
Channel Islands of California,ChIJLTA4-i3t3YARIC_hOG74Fqo,Channel Islands of California,1,,33.4706418,-119.3170952,rec8qig1RibSaEwBA,9/23/2023 11:16am,9/25/2023 9:56pm,Island,,,
Chatsworth Nature Preserve,ChIJXbCaWgOdwoARhXRWjczDRbg,Chatsworth Nature Preserve,1,,34.2341745,-118.6250564,recOg49w6bXamyWNB,9/23/2023 11:18am,9/25/2023 9:40pm,Nature Park,,,
Chinatown,ChIJjTEM9VnGwoARriA4nQq4_-I,Chinatown,2,,34.0623339,-118.2383309,recARGTOMbMDdsLTJ,9/23/2023 11:12am,9/25/2023 9:29pm,City/Neighborhood,,,
Claremont Graduate University,ChIJ9QDDh7gxw4AREk_Gz4kNedQ,Claremont Graduate University,1,,34.103596,-117.7119176,recz69sMLaJ6D68XY,9/23/2023 11:12am,9/25/2023 9:34pm,School,,,
Compton Creek Natural Park,ChIJj-DRCajLwoARjgO2UW48zjw,Compton Creek Natural Park,1,,33.9045567,-118.241586,recXmopmYguKN3VLZ,3/13/2024 2:00pm,3/13/2024 2:00pm,,,Irene,"Nice place to walk, and have picnics"
Corner Grill,ChIJ-_-_iGrrwoAReHHyBYPDe5s,Corner Grill,1,,34.2466731,-118.2752835,recBC5ujFxM1LGMqS,9/23/2023 11:16am,9/25/2023 9:41pm,Food,,,
Cream Pan Bakery Lomita,ChIJfb87bsFL3YARH-ItmbVEsgI,Cream Pan Bakery Lomita,1,,33.80633690000001,-118.3196657,rec0eIY2UiiOgkTVm,3/5/2024 8:54am,3/5/2024 8:54am,,,Amelie,It has delicious Japanese pastry and sweet desserts! Its my favorite bakery!
Crenshaw,ChIJdX-EmzK4woAR9Hk-DXQigHs,Crenshaw,1,,34.0181993,-118.3403506,recyZM6mApJymUQ6S,10/23/2023 10:27am,10/23/2023 10:27am,,,,
Crypto.com Arena,ChIJkyrqXbjHwoAR1bJ76zx89B8,Crypto.com Arena,1,,34.0430175,-118.2672541,reclSTqsFQys2ON8w,2/20/2024 7:30pm,2/20/2024 7:30pm,,,Noah Weintraub,I like to go here because I enjoy watching sports teams here.
Culver City,ChIJnXN32x66woAR_lnrS9HphTE,Culver City,1,,34.0211224,-118.3964665,recsDIObVJHP5RWmg,3/8/2024 5:02pm,3/8/2024 5:02pm,,,Sage,I work there and need to get there faster.
Delthorne Park,ChIJSSsMHyi1woARji9R5g0DjG8,Delthorne Park,1,,33.8473298,-118.3458296,rec5WDjiJSWKHJWUI,3/5/2024 9:53am,3/5/2024 9:53am,,,Jule Baughman,My favorite park to go to for walking and reading
Descanso Gardens,ChIJx9y0KwfqwoAR5-sWU6kp8iA,Descanso Gardens,1,,34.2009509,-118.2118943,recM74caQ0b9w7j3R,2/20/2024 7:31pm,2/20/2024 7:31pm,,,Joanne,It’s like a mini version of Huntington Garden that is local to my area but is very nice. I like to go there to destress.
Discovery Cube Los Angeles,ChIJ58V7yH-RwoARwAaYyqy8xQ8,Discovery Cube Los Angeles,1,,34.2729358,-118.3932272,recK6wSVBGXDWk23U,9/23/2023 11:14am,9/25/2023 9:45pm,Museum,,,
Disneyland Park,ChIJa147K9HX3IAR-lwiGIQv9i4,Disneyland Park,1,1,33.8120918,-117.9189742,recdzTvaFsV7SzuFn,3/19/2024 7:47pm,3/19/2024 7:47pm,,,Ava,I’m a Disney Girl and it is my go to destination. Especially during my spring and Christmas breaks or even for a weekend. It’s my happy place!
Dodger Stadium,ChIJdVYAVPnGwoAR3wmcg09VlJ4,Dodger Stadium,1,,34.073851,-118.2399583,recqA2XzmaeQnvcVq,2/29/2024 11:22pm,2/29/2024 11:22pm,,,Miles,To watch baseball
Don Bosco Technical Institute,ChIJsR7JvkDQwoARgLCZdd7XFG4,Bosco Tech,1,,34.0423916,-118.0861794,recqe8JZWE7rnMgtg,9/23/2023 11:19am,9/25/2023 9:39pm,School,,,
Downtown,ChIJ-bme7Sm6woARUhsNHFtsBVQ,Downtown,1,,34.0226802,-118.3965933,recZmouQBAdAFHx6x,2/20/2024 7:30pm,2/20/2024 7:30pm,,,Miles,The closest nice place with shops by me
Downtown Burbank,ChIJVVUVrFGVwoARJDZm-yAC15s,United States,1,,34.18479649999999,-118.3138702,recQR9Ck7AEOppCMe,9/23/2023 11:15am,9/25/2023 9:36pm,City/Neighborhood,,,
Downtown Los Angeles,ChIJAf09JTTGwoARIKmlGd9S_iY,Downtown Los Angeles,1,,34.0487969,-118.2517828,recJBeLzw4cEwJdEu,3/8/2024 5:03pm,3/8/2024 5:03pm,,,Lori,Nightlife
Downtown Santa Monica,ChIJFwxnxM-kwoARewIypbH6UsU,Downtown Santa Monica,2,,34.0160639,-118.4962272,recv57Ff9X7fYEUTF,9/23/2023 10:24am,9/25/2023 9:28pm,City/Neighborhood,,,
Earl Burns Miller Japanese Garden,ChIJN3Olj9sx3YARENSit3gqJeY,Earl Burns Miller Japanese Garden,1,,33.7852766,-118.119816,recmQT3MKF3CIVipw,3/9/2024 7:32am,3/9/2024 7:32am,,,Maria,It has beautiful scenery and feels like a place where you can disconnect
Echo Park Lake,ChIJVd4G6gTHwoAR9IgRs-bC1pk,Echo Park Lake,1,,34.0728733,-118.2605195,recGSGQNrvQJZhOzt,2/20/2024 7:38pm,2/20/2024 7:38pm,,,Josè,Yo voy con me novia en los cisnes
El Dorado Nature Center,ChIJUdv_5g4u3YAR3ARfIQin_GU,El Dorado Nature Center,1,,33.8098225,-118.0857107,recQ2s9ME0HD1TBLV,3/19/2024 9:00am,3/19/2024 9:00am,,,Ash,Nice place to walk and enjoy the surroundings.
El Monte,ChIJ79D2Y6TQwoARTTewpY4BD2s,El Monte,1,,34.0686206,-118.0275667,reckHrfAKG8RDonwK,9/23/2023 11:12am,9/25/2023 9:33pm,City/Neighborhood,,,
El Rancho High School,ChIJxautn4rRwoARxal3bcs6dm8,El Rancho High School,1,,33.9854339,-118.0884558,recULOqKxevZi5jpt,9/23/2023 11:18am,9/25/2023 9:40pm,School,,,
Exposition Park,ChIJOe8VwQnIwoARB-EGOd2XBfY,Exposition Park,1,,34.0149382,-118.2861984,rec5KPnfLwu2IhEnd,3/6/2024 5:16pm,3/6/2024 5:16pm,,,Lee,California science center
Fairfax,ChIJnSRZhCy5woAR3nFAvlZuRDA,Fairfax,1,,34.0801746,-118.3511357,recL0meytMA5fkr2D,3/12/2024 1:54pm,3/12/2024 1:54pm,,,Paris ,The La County fair
Fairplex,ChIJC1nifkQuw4ARB_0DE1uMiPA,Fairplex,1,,34.08094809999999,-117.7665555,rec3wHYi41iElDSrg,2/20/2024 7:34pm,2/20/2024 7:34pm,,,Bryce,"The LA County Fair, Countywide event, very fun"
Fashion District LA,ChIJjTaafczHwoAReQWDQda6tMU,Fashion District LA,1,,34.0388986,-118.2556616,recocbAWepWQpE4Gw,9/23/2023 11:15am,9/25/2023 9:42pm,City/Neighborhood,,,
Fatima's Grill,ChIJaRhzDbzNwoAR9u3kvWOsqiw,Fatima's Grill,1,,33.9440111,-118.1407806,recGfJ8vJAns3pRV1,9/18/2023 7:34pm,9/25/2023 9:33pm,Food,,,
Fern Dell Nature Trail,ChIJa_vDely_woAR7bHQTLLrWrI,Fern Dell Nature Trail,1,,34.1093847,-118.3076918,recJapdqCvosg6Eef,3/6/2024 7:24pm,3/6/2024 7:24pm,,,Ana,"It is a great little stroll through an enchanted forest in Griffith Park with a running water creek where you can often see live prawns, turtles, and frogs. The little walk does wonders to ease the stress of city life."
Figueroa Street,EiFGaWd1ZXJvYSBTdCwgTG9zIEFuZ2VsZXMsIENBLCBVU0EiLiosChQKEgnTgZyICjbdgBHdxN_mnfWneBIUChIJE9on3F3HwoAR9AhGJW_fL-I,Figueroa Street,1,,33.9164262,-118.282757,rec5HoVV6UKG6cthT,2/20/2024 7:53pm,2/20/2024 7:53pm,,,Alex,Got a piece of change and they’ll do something strange
Flintridge Preparatory School,ChIJL5Gd2wzCwoARv95LuyhBXgc,Flintridge Preparatory School,1,,34.1987432,-118.1840429,rec1XkILGWYgiV9cI,9/23/2023 11:12am,9/25/2023 9:33pm,School,,,
Folia Collective,ChIJmzOAHV_DwoARu2vl6Wiwbx4,Folia Collective,1,,34.1384602,-118.214065,recodh1QZZs6zipyo,3/12/2024 4:13pm,3/12/2024 4:13pm,,,Diego,i like their collection of plants
Gabrielino High School,ChIJRWokXL7awoARl00Jp7JkNAY,Gabrielino High School,1,,34.082969,-118.0920652,rec0JxsayNw0QZ7EP,9/23/2023 11:20am,9/25/2023 9:39pm,School,,,
Geffen Academy at UCLA,ChIJk8YcAIO8woARROE1fgwCJEg,Geffen Academy at UCLA,1,,34.059361,-118.4469528,recKY8fk2BlRL4o18,9/23/2023 11:15am,9/25/2023 9:43pm,School,,,
Geffen Playhouse,ChIJC9ZmTYG8woARUQOWZ4HWAtU,Geffen Playhouse,1,,34.0634331,-118.4444494,rec9IPMiLO34RDkIi,9/23/2023 11:14am,9/25/2023 9:44pm,Entertainment Venue,,,
Glendale,ChIJqYPwyDLAwoARpibJ_p6hP-U,Glendale,1,,34.1425078,-118.255075,rectK5y5HXEoC2fhP,9/23/2023 11:12am,9/25/2023 9:33pm,City/Neighborhood,,,
Glendale Galleria,ChIJldB7Af_AwoAR9JS8bg2d5EY,Glendale Galleria,2,,34.1462627,-118.2567687,recbTDILaEelq9BeS,9/23/2023 11:12am,9/25/2023 9:29pm,Mall/Shopping Area,,,
Glendora,ChIJX7Ts8w0mw4AR7I7B-b7UyPA,Glendora,1,,34.1361187,-117.865339,recCgoLjWwwbPFojQ,9/23/2023 11:13am,9/25/2023 9:35pm,City/Neighborhood,,,
Gloria Molina Grand Park,ChIJ_STuCE7GwoAR3vCqfD2J9es,Grand Park,1,,34.0563289,-118.2467713,recNedExtqx7zniV4,3/4/2024 10:26pm,3/4/2024 10:26pm,,,Allison C.W. Slas,I like to get wet in the water fountain and drink Starbucks.  I also like the Altares during Day of the Dead .
Goodwill Southern California Outlet Store,ChIJh064HinBwoAR3XKXW8Lopp0,Goodwill Southern California Outlet Store,1,,34.11511000000001,-118.2485607,recirc2FepIfjJFrV,2/20/2024 7:35pm,2/20/2024 7:35pm,,,Jonathan,oye super cool
Granada Hills Charter,ChIJa7iNG-eawoAREQjpooo9xxY,Granada Hills Charter,1,,34.26097299999999,-118.5252465,recnZ2PyAVMdEIXMD,9/23/2023 11:17am,9/25/2023 9:50pm,School,,,
Grand Central Market,ChIJ53JDjkvGwoAR2NMG6_1OnUg,Grand Central Market,1,,34.050872,-118.2490552,recHGBrgKrh8ipOVV,2/20/2024 7:34pm,2/20/2024 7:34pm,,,Megan Teresa,"There are a large variety of eateries, restaurants, and farmers markets to eat and shop at. Overall, the food is delicious and unmatched!!! You can get anything from Los Angeles’ best donuts, Chinese, and Mexican food. Theres food for everyone while still having a lively, local environment."
Green Store,ChIJow9dp4SzwoARMEAi97tMorE,Green Store,1,,33.8691844,-118.403621,rec4loiGR6kFl45tT,2/20/2024 7:35pm,2/20/2024 7:35pm,,,Louis,Store right by the beach.
Griffith Observatory,ChIJywjU6WG_woAR3NrWwrEH_3M,Griffith Observatory,1,,34.1184341,-118.3003935,recYm2HRcWHGi58Fe,3/12/2024 6:59pm,3/12/2024 6:59pm,,,Timara,Its a really cool place at night the fews are spectacular and you learn alot from the inside and there’s so many trails you can take it’s honestly fun for everyone.
Guelaguetza Restaurant,ChIJKSPWlH-4woARrKJ5thvMBeY,Guelaguetza Restaurant,1,,34.0524074,-118.3006681,recX11mMbWJ8sgH1X,3/13/2024 4:46pm,3/13/2024 4:46pm,,,Leila,Food is great and so is the music!
Gyu-Kaku Japanese BBQ,ChIJf42v4HDDwoARIOZBomGRQGM,Gyu-Kaku Japanese BBQ,1,,34.14426450000001,-118.1520021,recMUPLO2kWT0gFyV,9/23/2023 11:20am,9/25/2023 9:53pm,Food,,,
H Mart Arcadia,ChIJuRtGoQrbwoARhnp-Jit1unA,Hmart,1,,34.131627,-118.0657672,recyBOuaEWNeA4ojD,9/23/2023 11:16am,9/25/2023 9:42pm,Food,,,
Hammer Museum,ChIJ9SNj34G8woARHOdEq52UX6k,Hammer Museum,1,,34.0591217,-118.4436674,recLrSo3Wghu5ofGT,3/12/2024 4:47pm,3/12/2024 4:47pm,,,Franki,"I love to look at the amazing art! But especially, the great speakers that are invited to share their latest works of art, books, poetry, etc."
Harvard-Westlake Upper School,ChIJ_2t2XfK9woARf0oysrnJ6Vs,Harvard-Westlake Upper School,1,,34.13963889999999,-118.4126294,recOIYtgtaX20tkMb,9/23/2023 11:12am,9/25/2023 9:33pm,School,,,
Hawaii Supermarket,ChIJawBekbnawoAR60fBJGPZMuI,Hawaii Supermarket,1,,34.079263,-118.0988062,recHL2J3jgoxTO4Vn,9/23/2023 11:15am,9/25/2023 9:42pm,Food,,,
Hermosa Beach,ChIJrTm74X6zwoARQM6_cTJOEis,Hermosa Beach,1,,33.8622366,-118.3995194,recinQC5ciQZ5Ab6E,2/20/2024 7:29pm,2/20/2024 7:29pm,,,Louis,The beach is not crowded
Hidden Treasures,ChIJ0faiD-ihwoARSsN-227igYg,Hidden Treasures,1,,34.0891056,-118.6029528,rec3fQm45D4huy3GY,3/4/2024 6:21pm,3/4/2024 6:21pm,,,Allegra,"It’s located in topanga canyon center where I grew up, so beautiful so much community in that area. Hidden Treasures is a vintage thrift store"
HiroNori Craft Ramen (Long Beach),ChIJY-UWHTEz3YARXZaO--2trc0,HiroNori Craft Ramen (Long Beach),1,,33.8316059,-118.1845762,recJAG8CES3WS2MHH,3/13/2024 2:42pm,3/13/2024 2:42pm,,,Daisy Guevara ,They have coffee and ramen around there
Historic Filipinotown,ChIJ-c1U8A7HwoARsLpMtDFos-Q,Historic Filipinotown,2,,34.07026940000001,-118.2680383,recYsIvxLjslXfQ3U,9/23/2023 11:13am,9/25/2023 9:29pm,City/Neighborhood,,,
Hollywood,ChIJv3lSBAe_woAR5Pq9l2eaevY,Hollywood,2,,34.0928092,-118.3286614,recDN8nHJmbFhIv4u,9/23/2023 11:16am,9/25/2023 9:32pm,City/Neighborhood,,,
Hollywood Bowl,ChIJMwknwRu_woAR_eI2OM9ib2o,Hollywood Bowl,2,,34.112224,-118.3391279,recLGQxR7BJ35qZOi,9/23/2023 11:16am,9/25/2023 9:31pm,Entertainment Venue,,,
Hollywood Hills,ChIJx-6t1Py-woARwmCYDqelJfE,Hollywood Hills,1,,34.1193155,-118.353079,recG0YgUtuNwXk0su,3/13/2024 1:57pm,3/13/2024 1:57pm,,,Eliseo Rosa’s ,It’s really coo sight
Hollywood Palladium,ChIJt1-0kze_woARkevCuYSmEOA,Hollywood Palladium,1,,34.098496,-118.3242781,recYfrP5yiBEy2ovo,9/23/2023 11:14am,9/25/2023 9:45pm,Entertainment Venue,,,
Hollywood Walk of Fame,ChIJxUVL3iO_woARw3KnqfC2hyE,Hollywood Walk of Fame,1,,34.1017052,-118.340257,recj2IVw1Xg4v4PPX,9/23/2023 11:21am,9/25/2023 9:38pm,Attraction,,,
Honeymee Japanese Village,ChIJhwMu8UfGwoARU8hpiDf3VOE,Honeymee Japanese Village,1,,34.0487924,-118.2400151,recJsUKgum2lCpqhf,3/14/2024 11:04am,3/14/2024 11:04am,,,Rosie,The ice cream is so so good!!
Horchata Coffee Churros,ChIJTagV4tXMwoARtQXfshS4yow,Horchata Coffee Churros,1,,33.8884267,-118.1597837,recEwQpK7OS5ji645,2/20/2024 7:41pm,2/20/2024 7:41pm,,,Aaron,They make the best conchas and pastries! Also provides a great vibe to study or host little get togethers with friends or colleagues.
Hotel Figueroa - The Unbound Collection by Hyatt,ChIJzcQQfbfHwoAREpay4PPzicU,Hotel Figueroa - The Unbound Collection by Hyatt,1,,34.045565,-118.2640127,recw42qgNwvUpbrLS,9/23/2023 11:17am,9/23/2023 11:17am,,,,
Huntington Gardens,ChIJe9W_Jb8l3YAR63drQllWmjU,Huntington Gardens,1,1,33.72341909999999,-118.0429763,recyJFiKwiK7SgZYN,3/4/2024 6:25pm,3/4/2024 6:25pm,,,Allegra,beautiful arrangement of gardens with plants from different places around the world
Inglewood,ChIJjd1LJ1a2woARcDGu3A-zJwc,Inglewood,1,,33.9616801,-118.3531311,rec58BebAXiKh5BFe,9/23/2023 11:20am,9/25/2023 9:39pm,City/Neighborhood,,,
In-N-Out Burger,ChIJ5xHkkNOwwoARfN2_9LZe2qc,In-N-Out Burger,1,,33.9537066,-118.3967839,rec5JzWakZPA1HZPp,9/23/2023 11:19am,9/25/2023 9:39pm,Food,,,
"Institute of Contemporary Art, Los Angeles",ChIJywE0DCTGwoARNPZpA-u_tek,Institute of Contemporary Art,1,,34.035107,-118.235645,reccvMX1B4aniPJNC,3/12/2024 10:43pm,3/12/2024 10:43pm,,,Alfina,Pretty interesting to visit and ponder the art
It's Boba Time,ChIJ2bUp8IK1woARhzxzW1DN2Lc,It's Boba Time,1,,33.88941210000001,-118.3088693,rec3NMJIh4vLhw9PM,3/14/2024 11:03am,3/14/2024 11:03am,,,Rosie,The boba is so good!! They even have sweet treats that are just so yummy! My go to order is strawberry matcha with boba and a vanilla macaroon.
JapanLA,ChIJk4Ba2dS-woAR3RsJaVizgmw,JapanLA,1,,34.0700404,-118.3443443,recMuTVZTojtRCoXu,3/19/2024 7:49pm,3/19/2024 7:49pm,,,Ava,I love JapanLA! I’m a huge fan of Sanrio products especially My Melody and Kuromi! I can spend hours in this store just looking at the new items. So kawaii!
Jeni's Splendid Ice Creams,ChIJgbl_IrDAwoARjm3IDmuUfDQ,Jeni's Ice Creams,1,,34.1069782,-118.287284,recVJTksfBfDHwnfl,3/4/2024 6:22pm,3/4/2024 6:22pm,,,Allegra,Best ice cream I’ve ever had
Kenneth Hahn State Recreation Area,ChIJXZG-D8O5woAR4lzvU1SEPfE,Kenneth Hahn State Recreation Area,1,,34.012322,-118.3717552,reciuBFsIAszPRsYb,3/12/2024 1:51pm,3/12/2024 1:51pm,,,Paris ,The pond is very therapeutic.
Kersting Court,ChIJTaf_0DvdwoAR-7yQjuTRSYs,Kersting Court,1,,34.1622894,-118.0528162,rec4SZbqhMRuf3U6D,9/23/2023 11:18am,9/25/2023 9:52pm,Mall/Shopping Area,,,
Kia Forum,ChIJy3VFXVS2woARBmn6yKDq7rE,Kia Forum,1,,33.9580853,-118.3420621,rec5yoIeThg8w94ww,3/13/2024 2:10pm,3/13/2024 2:10pm,,,Javier Hernandez,concerts
King's Hawaiian Bakery ,ChIJNYPY0NxK3YARlYmHWz-DQWM,King's Hawaiian Bakery ,1,,33.8228949,-118.3349298,recbzbl8WMw9kUskS,9/23/2023 11:15am,9/25/2023 9:43pm,Food,,,
Knott's Berry Farm,ChIJo3h_9V8p3YARVTAekE45jq4,Knott's Berry Farm,4,1,33.8443038,-118.0002265,recVBTFtAHfL4G1pZ,9/23/2023 11:14am,9/25/2023 9:26pm,Amusement Park,,,
Koreatown,ChIJn4XdaqG4woARwoAQCXIVNx0,Koreatown,1,,34.0597117,-118.3008918,recr6Y8dVXFqmeTwB,3/12/2024 7:43pm,3/12/2024 7:43pm,,,Lauryn,To try korean food
La Cañada Flintridge,ChIJEcDTpOHpwoAR1lGHwDbx4_U,La Cañada Flintridge,1,,34.2068182,-118.2000277,reck6BosU3tQ68fSz,9/23/2023 10:22am,9/25/2023 9:33pm,City/Neighborhood,,,
La Cañada High School,ChIJuVv1QWzCwoARkQux1JZNycc,LCHS,1,,34.1930688,-118.1786584,recJCb2zgIUQAsybL,9/23/2023 11:18am,9/25/2023 9:41pm,School,,,
La Cienega Boulevard,EiVMYSBDaWVuZWdhIEJsdmQsIExvcyBBbmdlbGVzLCBDQSwgVVNBIi4qLAoUChIJvV4d8EW5woARdPs2GE_Ed68SFAoSCRPaJ9xdx8KAEfQIRiVv3y_i,La Cienega Boulevard,1,,33.998837,-118.370143,recEf7RFNPadlVYrS,9/23/2023 11:13am,9/25/2023 9:45pm,City/Neighborhood,,,
La Puente High School,ChIJCVJuHm7WwoARqfM_yVN4roM,La Puente High School,2,,34.0259258,-117.9545326,recSoSTjCZGMwI4Pg,9/23/2023 11:15am,9/25/2023 9:30pm,School,,,
Ladera Heights,ChIJ9QCrGVy3woARFGTvsjv0AUk,Ladera Heights,1,,33.9877762,-118.3703703,recS5RzZoBqy5gWlc,3/13/2024 2:05pm,3/13/2024 2:05pm,,,Nyles,I grew up playing baseball at ladera little league and went to day care in the area. I go back to help coach my former coaches little league team in the winter.
Lafayette Park,ChIJtUndzb7HwoAR3nKo9ZSoSxk,Lafayette Park,1,,34.0618422,-118.2836517,rec0teubWvUgk0tkD,2/20/2024 7:41pm,2/20/2024 7:41pm,,,Kayvee ,i skate their
Lake Balboa,ChIJIxmPLOeZwoARlgJt90e_Sl0,Lake Balboa,1,,34.2010832,-118.5010942,recvpETuXzRyliSAo,9/23/2023 11:21am,9/25/2023 9:59pm,Nature Park,,,
Larchmont Village,ChIJIYEpscC4woARnuTQERlE7BM,Larchmont Village,1,,34.0730556,-118.3238889,recT9r46w9yqHs1EE,2/20/2024 7:34pm,2/20/2024 7:34pm,,,Skye,Its nice
"Leimert Park Village Plaza, People St.",ChIJGf09zYm3woARHwlyrD3mYnY,Leimert Park Village Plaza,1,,34.0042745,-118.3310122,recT0lu084GW3j22m,3/8/2024 5:56pm,3/8/2024 5:56pm,,,Meredith,"Food, music, performing arts after school program"
Li'l Book Bug,ChIJpxEDQbJZwoARbbUY2GZwTPQ,Li'l Book Bug,1,,34.5862615,-118.1467231,recgjbGOtHMElLV75,3/14/2024 6:43pm,3/14/2024 6:43pm,,,Victoria,"They have lots of used books, crystals, and other things like that."
Lin's Club,ChIJ96JBXe7ZwoARht_V3_39xg8,Lin's Club,1,,34.1318566,-118.0182195,rec9ys5pkflYq7bRk,9/23/2023 11:18am,9/25/2023 9:51pm,Food,,,
Little Tokyo,ChIJd3xCWU_GwoARBP7kXLY2T_E,Little Tokyo,1,,34.0523392,-118.2395052,recRH9MhrQktPgQiP,3/13/2024 6:08pm,3/13/2024 6:08pm,,,Lucero ,I want to go there because of the different cultural food.
Little Tokyo Market Place,ChIJMSC0vTnGwoAREzlQ-kYSOTs,Little Tokyo Market Place,1,,34.04482119999999,-118.2388758,recz5WrPYe1nKqnwW,2/20/2024 7:32pm,2/20/2024 7:32pm,,,London,"Firstly the food there is amazing, The stores have very good prices and very good products. They also have stores there that have amazing food items that also aren’t expensive. While entertainment is also there with there being amazing stores that have anything that someone may want"
Long Beach,ChIJWdeZQOjKwoARqo8qxPo6AKE,Long Beach,1,,33.7700504,-118.1937395,rec8gPRffFDfmM5Ti,3/13/2024 2:17pm,3/13/2024 2:17pm,,,Kesar ,I love going there because I get to spend time with my family
Los Angeles,ChIJE9on3F3HwoAR9AhGJW_fL-I,Los Angeles,1,,34.0549076,-118.242643,recmCldKYC1ragDKh,3/13/2024 3:50pm,3/13/2024 3:50pm,,,arlene,to explore
Los Angeles County Museum of Art,ChIJsXqcyjy5woARNz6sOh0ZmwA,LACMA,1,,34.0639323,-118.3592293,recwIvV4ptGBwZlfB,3/13/2024 6:08pm,3/13/2024 6:08pm,,,Janeth ,I love enjoying art!!
Los Angeles Public Library Parking,ChIJObbODdrHwoARGpcZLonju4w,Los Angeles Public Library Parking,1,,34.0501866,-118.255681,rec6ZhhHix6y5ipP8,9/23/2023 11:23am,9/25/2023 9:54pm,Library,,,
Los Angeles State Historic Park,ChIJgfk0NV7GwoAR4ja9LMYRY0s,Los Angeles State Historic Park,1,,34.0682286,-118.2318135,recahkT4kQgaPJYdA,9/23/2023 11:13am,9/25/2023 9:45pm,Nature Park,,,
Los Angeles Union Station,ChIJz7SQuzfHwoAREE6nSE8ZMmo,Los Angeles Union Station,1,,34.0562196,-118.2365021,rec18ZbZI0djadTmw,3/12/2024 7:36pm,3/12/2024 7:36pm,,,Zion,It’s a prime spot to pick up the train or bus and it’s situated perfectly to walk to many places in downtown.
Los Feliz,ChIJGyZkVaXAwoARiDm7dQXpd_s,Los Feliz,1,,34.1063307,-118.2848199,recWcTwzOAnEmxPKi,9/23/2023 11:14am,9/25/2023 9:36pm,City/Neighborhood,,,
MaDang Courtyard,ChIJjbpowZq4woARmC0BDdyn15g,MaDang Courtyard,1,,34.0630037,-118.3100826,rec1lewBIaCrqTeyV,9/18/2023 2:12pm,9/25/2023 9:32pm,Mall/Shopping Area,,,
Malibu,ChIJP9YI-akd6IARWozqsnEtt5M,Malibu,1,,34.0380585,-118.6923438,recQlvFxYTuffoVsE,9/23/2023 11:13am,9/25/2023 9:35pm,City/Neighborhood,,,
Manhattan Beach Pier,ChIJ7U-BHeuzwoARAvYAqFtEc2A,Manhattan Beach Pier,1,,33.8843296,-118.4121416,recOrKzXIUF43EVCL,9/23/2023 11:14am,9/25/2023 9:44pm,Beach/Pier,,,
Marina del Rey,ChIJLbMF8IqwwoARns4Lm7HaVpc,Marina del Rey,1,,33.9802893,-118.4517449,recyBwwZfaO2cnVHd,3/6/2024 8:13am,3/6/2024 8:13am,,,Sean,Great variety of restaurants
Maru Ramen,ChIJsbISpkafwoARuRY_ZtIf1Nw,Maru Ramen,1,,34.1680946,-118.6002655,rec6TcDFKCb7UsgnW,9/23/2023 11:19am,9/25/2023 9:39pm,Food,,,
Mason Park,ChIJ1XSR7FebwoAR2bY9GIyymSI,Mason Park,1,,34.2614245,-118.5789238,recr1f4gaIRjqpwff,9/23/2023 11:18am,9/25/2023 9:53pm,Nature Park,,,
McDonald's,ChIJuzWniYrNwoAR2bgc5Xa3-wk,McDonald's,1,1,33.9474096,-118.1179069,reccBC6V7xNTRLRFG,9/23/2023 11:15am,9/25/2023 9:41pm,Food,,,
McDonald's,ChIJY5PActDX3IARrmSSYfxO3c8,McDonald's,1,1,33.8109218,-117.9147255,rec2ORmaUhx9wqXfX,9/23/2023 11:15am,9/25/2023 9:41pm,Food,,,
McDonald's,ChIJHZJ7UqHd3IARXzrKFEIBFyk,McDonald's,1,1,33.6707731,-117.7893912,recw2ghdb4gBxr3y8,9/23/2023 11:15am,9/25/2023 9:41pm,Food,,,
McDonald's,ChIJUfTdFo-7woARfVjeQKj2nJE,McDonald's,1,34.0565916,-118.4259707,recPeAVkFd5KZTC9M,9/23/2023 11:16am,9/25/2023 9:41pm,Food,,,,
Mercado Buenos Aires,ChIJO6kvi0iXwoARFDFP6vwuwUI,Mercado Buenos Aires,1,,34.20792,-118.4658126,recWm5nbhhTwXE1dF,9/23/2023 11:18am,9/25/2023 9:51pm,Food,,,
Mexico 1900 Restaurant,ChIJmXOEt67UwoARaqDQIUR3NKQ,Mexico 1900 Restaurant,1,,33.9259356,-118.012277,recNmSEprAj50sirY,9/23/2023 11:16am,9/25/2023 9:41pm,Food,,,
Micro Center,ChIJCd0kSVbZ3IAR7od9k5MdJUM,Micro Center,1,1,33.7245483,-117.8328988,recHBA8qfAh7RwUTr,2/20/2024 7:29pm,2/20/2024 7:29pm,,,Skye,My favorite store for anything tech-related.
MidiCi The Neapolitan Pizza Company,ChIJn-uSfcWXwoAR5nkHNdDiXUA,MidiCi The Neapolitan Pizza Company,1,,34.1510889,-118.4514472,recTufLK9ZmTcwNDW,9/23/2023 11:18am,9/25/2023 9:40pm,Food,,,
Mira Costa High School,ChIJ-wu1Jnm0woAR67G_BTKko2Y,Mira Costa High School,1,,33.8736482,-118.3898602,recsshouJvfd9TY0U,9/23/2023 11:17am,9/25/2023 9:41pm,School,,,
Monrovia,ChIJ2eJeOzfZwoARhfe1CC46JE8,Monrovia,1,,34.1442616,-118.0019482,reczo1PYgQjYBv6vg,9/23/2023 11:13am,9/25/2023 9:35pm,City/Neighborhood,,,
Montclair,ChIJ8RlonC4yw4AR2_SOX9D1JH4,Montclair,2,,34.0775104,-117.6897776,rec3TDMbIZtHMYvIC,9/23/2023 11:13am,9/25/2023 9:30pm,City/Neighborhood,,,
Montclair Place,ChIJS8gvboMxw4ARHXOP_m4VeEc,Montclair Place,1,,34.08678089999999,-117.6938298,recNdoEEKDQP1hLNW,9/23/2023 11:18am,9/25/2023 9:40pm,Mall/Shopping Area,,,
Montebello,ChIJhV4fRirOwoAR2prNNJkxiH4,Montebello,1,,34.0165053,-118.1137535,recyupXFbpD7v0xXC,9/23/2023 11:14am,9/25/2023 9:36pm,City/Neighborhood,,,
Montrose,ChIJ53T5_RTqwoARhU0PK-ZUGrk,Montrose,1,,34.206551,-118.224685,recv3B7ZwLPOwb3L1,9/23/2023 11:17am,9/25/2023 9:36pm,City/Neighborhood,,,
"Moonlight Rollerway, Inc.",ChIJ-WnXNF_AwoARXvEjyjV_n28,Moonlight Rollerway,1,,34.1447614,-118.2702507,reczby2Ub1aRhw5fz,2/20/2024 7:30pm,2/20/2024 7:30pm,,,Beau,Rollerskating with my cousins has been a core memory of mine and there are fewer and fewer good rollerrinks in LA as time goes on.
Mount Wilson,ChIJDZ0dbnjdwoARb3ULkyHuA9Y,Mount Wilson,1,,34.2249455,-118.0564071,recqdqiwGAW5ivWvM,9/23/2023 11:14am,9/25/2023 9:44pm,Nature Park,,,
Natural History Museum of Los Angeles County,ChIJXzARBf3HwoARJyT7uZSV-G4,Natural History Museum of Los Angeles County,1,,34.0171448,-118.2886635,recd5rgTgYgOJrLAq,3/13/2024 2:11pm,3/13/2024 2:11pm,,,Hailey,I like going because there’s plenty of things to see around that area and I simply enjoy learning about our history.
New York Chicken ,ChIJ_0okykOcwoARCSBD9uXlYa8,New York Chicken ,1,,34.2079376,-118.6063221,rec2TveYu4xNKxH2f,9/23/2023 11:15am,9/25/2023 9:43pm,Food,,,
Nieves Xochi Oax,ChIJV1pCgq_HwoARlMatQIOJXQ8,Nieves Xochi Oax,1,,34.0474564,-118.2861114,recwHEuPgQ8ZnhVD2,3/13/2024 4:45pm,3/13/2024 4:45pm,,,Jenn,Authentic Oaxacan Ice cream!
Noodle Monster,ChIJtSoCHAmWwoARBmqb4Y-N2A8,Noodle Monster,1,,34.1654566,-118.3970538,recOYIkpyb4Wl6wdt,9/23/2023 11:16am,9/25/2023 9:41pm,Food,,,
North Hills,ChIJa4rfFieUwoARTXj3kUbSO04,North Hills,1,,34.235822,-118.4849365,recelqUf5Nnjz0NpV,9/23/2023 11:19am,9/25/2023 9:39pm,City/Neighborhood,,,
North Hollywood,ChIJ0TEA7NOVwoARtPDh3nGzOC0,North Hollywood,3,,34.17941649999999,-118.3790527,recJAINgabsV5uo9V,9/23/2023 10:22am,9/25/2023 9:27pm,City/Neighborhood,,,
North Hollywood High School,ChIJB-nhg2TAwoARvvZoFyEvt00,North Hollywood High School,1,,34.1657016,-118.3889964,recMVT5mG47Kij87n,9/23/2023 11:12am,9/25/2023 9:34pm,School,,,
Northridge,ChIJiUtZIleawoARUmFdWw-rsjM,Northridge,1,,34.2381251,-118.530123,recL2jmgqzno9t6j8,9/23/2023 11:13am,9/25/2023 9:35pm,City/Neighborhood,,,
Northridge Fashion Center,ChIJX7X1sHSbwoARUkZil0PkMkU,Northridge Fashion Center,1,,34.23828890000001,-118.5550537,recTjlBV692nlG32g,9/18/2023 2:14pm,9/25/2023 9:33pm,Mall/Shopping Area,,,
Ocean Trails Reserve,ChIJ2b9syAtJ3YAR-eRZedkkoIs,Ocean Trails Reserve,1,,33.7285556,-118.3405995,rectjnzFyiCXvamBQ,3/12/2024 4:56pm,3/12/2024 4:56pm,,,Franki,Nice hiking trail to go on for a peaceful walk alone or with friends.
Old Pasadena,ChIJ672nCXHDwoARa0rApG0IIhw,Old Pasadena,1,,34.14604219999999,-118.1499439,rec5cQPbyD9jlBBUB,3/15/2024 11:26am,3/15/2024 11:26am,,,Ashley,I like going to Old Pasadena because I like the historical aspects of it. I like the old fashioned buildings and overall vibe there. It's always fun to go there.
Orochon Ramen,ChIJZZ-jjkjGwoARVuiQZ0TtLS0,Orochon Ramen,1,,34.0498942,-118.2423094,recp6FRfC0xQZGBDi,9/23/2023 11:14am,9/25/2023 9:44pm,Food,,,
Our Lady of the Holy Rosary Church,ChIJTdTThkeUwoAReBdQDEUjPaU,Our Lady of the Holy Rosary Church,1,,34.2127778,-118.37,recGoLnB4zkw56TQr,9/23/2023 11:20am,9/23/2023 11:20am,,,,
Pacific Boulevard,EiZQYWNpZmljIEJsdmQsIEh1bnRpbmd0b24gUGFyaywgQ0EsIFVTQSIuKiwKFAoSCaXmiyEiycKAEViaDnpoX6u1EhQKEgmFxTlWMMnCgBEM1T-RTM8_TA,Pacific Boulevard,1,,33.9812544,-118.225257,recB0xLkzYsls1i8Z,2/20/2024 7:30pm,2/20/2024 7:30pm,,,Montserrat Hidalgo,"It is in South East LA and has great clothing shops, cafes, dress shops, and small businesses in general. It is a great place to walk around with friends."
Palisades Charter High School,ChIJo_oAk3ejwoARFTebZonctQ8,Palisades Charter High School,1,,34.0471525,-118.5303892,rec8DQZTLRkTECFOt,9/23/2023 11:15am,9/25/2023 9:42pm,School,,,
Palisades Village,ChIJId8eR3qjwoAR5T9V9HN7DjE,Palisades Village,1,,34.04763490000001,-118.5248688,recWsPbl2NRrBPpyd,9/23/2023 11:23am,9/25/2023 9:38pm,Mall/Shopping Area,,,
Panda Express,ChIJQ6A-whbJwoARgZdh6bZdJNM,Panda Express,1,,33.9740493,-118.2334004,recGxLY6XIitHFlle,3/13/2024 2:13pm,3/13/2024 2:13pm,,,George,To eat
Panorama City,ChIJGeY-0CyRwoARPGGaUmRaCXI,Panorama City,1,,34.227617,-118.442425,recPLEMlWVgFmdSFP,9/23/2023 11:19am,9/25/2023 9:40pm,City/Neighborhood,,,
Panorama Mall,ChIJf_B9idKQwoARZrL5XbunPyM,Panorama Mall,1,,34.2239021,-118.4498011,recXiFYVrBDjAwirB,9/23/2023 11:19am,9/25/2023 9:40pm,Mall/Shopping Area,,,
Pantages Theatre Parking Garage,ChIJZ-Ba0D6_woARPe9tSBSlrIE,Pantages Theatre Parking Garage,1,,34.1041455,-118.3263254,recfoqBfK4V52GD1i,9/23/2023 11:21am,9/25/2023 9:39pm,Entertainment Venue,,,
Paradise Gardens Park,ChIJa2eOBtnX3IARc1NEdOGJ5oc,Disney California Adventure Park,1,1,33.805822,-117.9214318,rec01GnGbzA37E0KI,9/23/2023 11:14am,9/25/2023 9:44pm,Nature Park,,,
Pasadena,ChIJUQszONzCwoARSo_RGhZBKwU,Pasadena,1,,34.1477849,-118.1445155,recKFzopROhbgJrbo,3/8/2024 12:50pm,3/8/2024 12:50pm,,,Riley,Fun
Patria Coffee Roasters,ChIJ-bvuR-zLwoARSZ3sHnkx4Aw,Patria Coffee Roasters,1,,33.8963927,-118.219638,recZpPeMAKDFMLPGx,3/13/2024 2:14pm,3/13/2024 2:14pm,,,Rosie,The coffee is so good! My favorite is the oatchata it is a 10/10!
Peter Morton Medical Building - UCLA Medical Center,ChIJ0xmP9Ue9woAR1qn4kSWnsTg,UCLA Medical Center,1,,34.0648474,-118.4471591,rec6UJkSx2HNTQZEV,3/13/2024 3:53pm,3/13/2024 3:53pm,,,Ruby,It’s my dream campus and they provide amazing programs for highschool students and the community
Petersen Automotive Museum,ChIJaRbaXjy5woARERNJSyktTog,Petersen Automotive Museum,1,,34.06202399999999,-118.3613631,recCHghafWwRoBvgC,9/23/2023 11:11am,9/25/2023 9:33pm,Museum,,,
Philippe The Original,ChIJd9NcMVvGwoARpVcjtJfZBQo,Philippe The Original,1,,34.0596863,-118.2370489,recS0upqOqLQenwzY,9/23/2023 11:16am,9/25/2023 9:41pm,Food,,,
Pico Rivera Sports Arena,ChIJizp1lyPRwoARctZAXZrwsRQ,Pico Rivera Sports Arena,1,,34.0256996,-118.0448532,rec07wDNUZZinAaaO,9/23/2023 11:16am,9/25/2023 9:42pm,Sports Venue,,,
Pie 'n Burger,ChIJl20emKDEwoARq9rDare76HM,Pie 'n Burger,2,,34.1360062,-118.1314835,recqIu7XjM0sRzAw8,9/23/2023 11:14am,9/25/2023 9:30pm,Food,,,
Placita Olvera,ChIJp8Kl0onHwoAR7Y4PrIpIEUY,Placita Olvera,1,,34.0576075,-118.2379223,recg0DA3CPBpmQCPR,3/4/2024 10:28pm,3/4/2024 10:28pm,,,Allison C. W . Salas,I like to celebrate seeing the Altares during Day of the dead.  I also like to buy things there for our family altar.
Plaza Del Valle,ChIJdWQdgdGQwoARwd7QcgJy6X4,Plaza Del Valle,1,,34.22660559999999,-118.4489533,recMKeQElChfPPHD5,9/23/2023 11:14am,9/25/2023 9:47pm,Mall/Shopping Area,,,
Plaza West Covina,ChIJcYbDI9HXwoARM31HBxbx4Vg,Plaza West Covina,1,,34.0706843,-117.9326269,recdoKCETpHR5kE2A,9/23/2023 11:19am,9/25/2023 9:39pm,Mall/Shopping Area,,,
Pomona,ChIJIaGfee8tw4ARM6nKAHCUCVI,Pomona,1,,34.055103,-117.7499909,receX7KkCPbVGeIGz,9/23/2023 11:13am,9/25/2023 9:35pm,City/Neighborhood,,,
Pomona College,ChIJRbagpr8xw4ARfqchaG3HTY0,Pomona College,1,,34.0977461,-117.711806,reckL01knmnCedmQK,9/23/2023 11:11am,9/25/2023 9:33pm,School,,,
Porter Ranch,ChIJscK9TM-EwoAREDM5A4HhBv4,Porter Ranch,1,,34.2822134,-118.5506158,rect02Ftq57u8Kqp1,9/23/2023 11:14am,9/25/2023 9:36pm,City/Neighborhood,,,
Raging Waters Los Angeles,ChIJtT_PUiAvw4ARAOeghl4RCxo,Raging Waters Los Angeles,1,,34.0786717,-117.8113187,recarT6F23edv0Mx7,9/23/2023 11:21am,9/25/2023 9:38pm,Amusement Park,,,
Ramen Boy,ChIJyV2c-3RbwoARBG-lJUQx3r4,Ramen Boy,1,,34.67537599999999,-118.1675361,receIWbpRXVqUr6SY,2/21/2024 8:31am,2/21/2024 8:31am,,,Victoria ,The food is delicious and the ambiance is amazing.
Ramen Maruya,ChIJm2-G7EfGwoARQWz92tEcGNE,Ramen Maruya,1,,34.0491164,-118.2397439,recHPkbdG2y1IYwQW,2/20/2024 7:30pm,2/20/2024 7:30pm,,,Ian Ramirez,Good ramen! (and the coke is surprisingly really good)
Rancho Palos Verdes,ChIJn41UcNpL3YARtJSWblt_RME,Palos Verdes,1,,33.7444613,-118.3870173,rec4YsR6ayQWpwr9G,3/12/2024 1:28pm,3/12/2024 1:28pm,,,Sui ,It brings me peace
Redondo Beach Pier,ChIJowa2Fae0woAR4Foh-gQHF-g,Redondo Beach Pier,1,,33.8391453,-118.3909768,rectjDPU02K0UI6li,3/8/2024 12:49pm,3/8/2024 12:49pm,,,Caroline,I like going to see the shops
Regal Edwards Alhambra Renaissance,ChIJi1BOnCfFwoAR2G0pj-9OFRk,Regal Edwards Alhambra Renaissance,1,,34.095905,-118.12699,recySZflPg5K8a0MF,9/18/2023 2:13pm,9/25/2023 9:32pm,Entertainment Venue,,,
Republic Of Pie,ChIJj83PovOVwoARU_DIkrmdBUo,Republic Of Pie,1,,34.1647278,-118.3731306,rec9qwCFDHqLD59ra,9/23/2023 11:16am,9/25/2023 9:41pm,Food,,,
Resin,ChIJ42q_Ed-zwoARPHL7S31iCbc,Resin,1,,33.8587531,-118.3951555,recTjjlgPqazJtJiU,2/20/2024 7:31pm,2/20/2024 7:31pm,,,Noelle,You can do art and they have a lot of supplies already there
Rio Hondo College,ChIJLd9LwTjRwoARbdRprxMawFg,Rio Hondo College,1,,34.0190058,-118.0347181,recHUUc9tAV1tt2rt,9/23/2023 11:18am,9/25/2023 9:40pm,School,,,
Rosemead,ChIJsXdsdnTQwoARfIhDlkgdNaA,Rosemead,1,,34.0805651,-118.072846,receZmnieGHBmhxtE,9/23/2023 11:16am,9/25/2023 9:36pm,City/Neighborhood,,,
Sacred Heart High School,ChIJl-2x5XvGwoART8KLkQwtiCU,Sacred Heart High School,1,,34.069865,-118.21199,recG9E7swhJc79ng1,9/23/2023 11:15am,9/25/2023 9:42pm,City/Neighborhood,,,
Saigon Bakery ,ChIJhSv6LfzbwoARryZvwHqAlYM,Saigon Bakery ,1,,34.0799926,-118.0913614,recert2taDXrwH9UX,2/20/2024 7:32pm,2/20/2024 7:32pm,,,Kelly,They serve long baguettes for only 2 dollars and has really GOOD spring rolls! People need to know about this Vietnamese store!
Salt ,ChIJx7yfNjnGwoARZWc_tonTYBs,Salt ,1,,34.04599320000001,-118.2354889,recV71JMstKgKLwqg,3/12/2024 4:11pm,3/12/2024 4:11pm,,,Diego ,I love a scoop a honey lavender ice cream
Sam's Club,ChIJJ1AjWRrawoARtSeUW6nXrM8,Sam's Club,1,,34.0937435,-118.028728,recIGkPpTmVfwyaFi,9/23/2023 11:18am,9/25/2023 9:40pm,Store,,,
San Dimas,ChIJ39G4_KIWw4AREBzIr5r1mWI,San Dimas,1,,34.1066756,-117.8067257,recPTbWdRVPUdwRKa,9/23/2023 11:13am,9/25/2023 9:35pm,City/Neighborhood,,,
San Dimas High School,ChIJz9X__i4vw4ARQFF8vqd_Rn4,San Dimas High School,2,,34.0985421,-117.8255766,recesSbI16K7t1gug,9/23/2023 11:14am,9/25/2023 9:30pm,School,,,
San Fernando,ChIJ70i_U1GQwoAR17cofW3ioUs,San Fernando,1,,34.2819461,-118.4389719,recDebmoydv3081Ee,9/23/2023 11:22am,9/25/2023 9:37pm,City/Neighborhood,,,
San Fernando Swap Meet,ChIJj0K2WbiRwoAR3feujbA5Zb0,San Fernando Swap Meet,1,,34.2876418,-118.4237391,recSm2NA0kE2CwId1,9/23/2023 11:15am,9/25/2023 9:42pm,Mall/Shopping Area,,,
Sand Dune Park,ChIJbWtLzuazwoARpTpY50xX3JE,Sand Dune Park,1,,33.8990666,-118.4124007,recdpsgciNj5rXe4q,9/23/2023 11:16am,9/25/2023 9:42pm,Nature Park,,,
Sandpiper Books,ChIJ7yHCBcy0woAR-dJvrDJ5S0k,Sandpiper Books,1,,33.8390408,-118.36318,recaH9Wwo3NH9UOK9,3/5/2024 9:52am,3/5/2024 9:52am,,,Jule Baughman,I love their cheap second hand books
Santa Catalina Island,ChIJJYvheyNv3YARqw71xdWjWT4,Catalina Island,13,,33.3878856,-118.4163103,rec5p1W4iH66nsO2h,9/23/2023 11:12am,9/25/2023 9:55pm,Island,,,
Santa Fe Springs,ChIJh2x1kwLTwoAR4zWXGfiJrzU,Santa Fe Springs,1,,33.9472359,-118.0853451,rec7T8rWFnzziLraU,9/23/2023 11:14am,9/25/2023 9:36pm,City/Neighborhood,,,
Santa Monica,ChIJGQCRws6kwoARq_Uj_7UKF7Q,Santa Monica,1,,34.0194543,-118.4911912,recXIdDlVOQOy1m8B,3/13/2024 2:54pm,3/13/2024 2:54pm,,,Jasmin,Pier/entertainment
Santa Monica Pier,ChIJm6deTdekwoARTY_RzhoRms0,Santa Monica Pier,1,,34.0082821,-118.4987585,recmjUC09ARuMZyWM,3/19/2024 7:46pm,3/19/2024 7:46pm,,,Ava,"I like going to the pier because it is such a diverse and outgoing place. You can visit the rides, the aquarium, different vendors and foods. Great place to take photos and a nice getaway when you need a quick trip."
Sawtelle,ChIJiaovKWO7woARW5z9dVWhK7w,Sawtelle,1,,34.0433903,-118.4542772,recG5OziGf33jJThj,9/23/2023 11:17am,9/25/2023 9:36pm,City/Neighborhood,,,
Sawtelle Boulevard,EiNTYXd0ZWxsZSBCbHZkLCBMb3MgQW5nZWxlcywgQ0EsIFVTQSIuKiwKFAoSCUXZwus3usKAESZlgkSyQxyoEhQKEgkT2ifcXcfCgBH0CEYlb98v4g,Sawtelle Boulevard,1,,34.0204531,-118.4268638,recedGk2V0lJlZRie,9/23/2023 11:23am,9/25/2023 9:37pm,City/Neighborhood,,,
Seal Beach,ChIJMWN2ONje3IARFZQnbuxw_D0,Seal Beach,1,1,33.7414085,-118.1047682,recgXvDIcylb8MQzj,9/23/2023 11:13am,9/25/2023 9:45pm,Beach/Pier,,,
Sierra Madre Library,ChIJ8YF7-HzcwoARMz6Y9StAcEY,Sierra Madre Library,1,,34.16183609999999,-118.0620187,rec3WtTmlVk7iJl6M,9/23/2023 11:20am,9/25/2023 9:54pm,Library,,,
Simi Valley,ChIJATNWW2wu6IARTUPTlI5Z4PQ,Simi Valley,2,,34.2694474,-118.781482,recHOiOni4p43tzGE,9/23/2023 11:13am,9/25/2023 9:29pm,City/Neighborhood,,,
Six Flags Magic Mountain,ChIJxWX6v6WAwoARQEdzPETBA48,Six Flags Magic Mountain,1,,34.4249209,-118.5958464,rece3HUiSd3cL7fCB,2/20/2024 7:29pm,2/20/2024 7:29pm,,,Miles,The adrenaline
SoFi Stadium,ChIJT4_7y4a3woARcEGeJLecuV8,SoFi Stadium,1,,33.9534651,-118.3390396,recofmxbnnV19s86N,2/20/2024 7:32pm,2/20/2024 7:32pm,,,Chloe Samuels ,I like going there because I have season tickets for the chargers game and I always have the best time there. I do think that we as a community and as a youth council should focus more on transportation and making it accessible to the city.
Sonny's Handcrafted Ice Cream ,ChIJU3xlmsGXwoARxcZzNWBEGbA,Sonny's Handcrafted Ice Cream ,1,,34.1524289,-118.4610016,recli18sY2B0kFrRf,2/20/2024 7:31pm,2/20/2024 7:31pm,,,Beau,"This is the best Ice Cream in the valley, if not LA"
Souplantation and Sweet Tomatoes,ChIJcSjwNgPFwoARKiaRepFHuqI,Souplantation and Sweet Tomatoes,1,,34.0881416,-118.1478799,rec2aLd4xZuFGQUWM,9/23/2023 11:19am,9/25/2023 9:39pm,Food,,,
South Bay Galleria,ChIJo2cBevm0woARJtDspbm05OQ,South Bay Galleria,1,,33.8713327,-118.3550107,recXJWuR2UQFGDAsI,9/23/2023 11:23am,9/25/2023 9:37pm,Mall/Shopping Area,,,
South Gate,ChIJH7dFoxHMwoAR0mrfGYQGQ5E,South Gate,1,,33.954737,-118.2120161,recSSQX5cN5qTcitz,9/23/2023 11:16am,9/25/2023 9:36pm,City/Neighborhood,,,
South LA Cafe,ChIJ3QWOHvy5woARVeFyYcyUq1s,South LA Cafe,1,,34.0117509,-118.3091487,recW2nNTXSo2FnHJF,2/20/2024 7:52pm,2/20/2024 7:52pm,,,Aaron,Large cafe that offers delicious light bites with industrial-chic vibe.
South Park,ChIJN28nbMjHwoAR0mBlu0518tE,South Park,1,,34.0429618,-118.2641336,reczMXBtBvEbFepfg,9/23/2023 11:19am,9/25/2023 9:40pm,City/Neighborhood,,,
St. Francis High School,ChIJJx-yVA3CwoARkJ67DO7Jrgc,Saint Francis High School,1,,34.1953743,-118.1819054,recliaFNAXRTCTwbX,9/23/2023 11:15am,9/25/2023 9:43pm,School,,,
Staples Center,ChIJOf2e9bjHwoARt-RVxxwSofc,Staples Center,2,,34.0429909,-118.2673753,recPlhtxWodx1dRyW,9/23/2023 11:16am,9/25/2023 9:31pm,Sports Venue,,,
SUGARFISH by sushi nozawa,ChIJoQYoin-6woARD9eSq3OWN8w,SUGARFISH by sushi nozawa,1,,33.9789555,-118.4381482,recd2wojQruNdtZ1r,2/20/2024 7:32pm,2/20/2024 7:32pm,,,Miles,The food is too good
Sul ,ChIJa1TWxpq4woARqCguoBjcSa0,Sul ,1,,34.0628982,-118.3100064,rec6tuF0Z0az8hAvm,2/20/2024 7:31pm,2/20/2024 7:31pm,,,Ian,Delicious shaved ice and toast
Sun Valley,ChIJ41W8cD-UwoARa9yZhNFXXYg,Sun Valley,1,,34.2279298,-118.3812562,rec7cVDm76bXgDtPE,9/23/2023 11:20am,9/25/2023 9:54pm,City/Neighborhood,,,
Sushi Gala / Las Galas,ChIJbwC37EfGwoARDBM2QlVU3a4,Sushi Gala / Las Galas,1,,34.0493054,-118.2397804,recsEdJqWbPhAugTs,2/20/2024 7:48pm,2/20/2024 7:48pm,,,Megan Teresa,The best Japanese food in Los Angeles and located in Little Tokyo!!! Eat the best ramen and sushi here then go look around Little Tokyo
Target,ChIJSZiFGLHHwoAR0Op4_Ylxh0k,Target,1,,34.049121,-118.2614404,recmkcRlTTrWW1OCE,9/23/2023 11:22am,9/25/2023 9:37pm,Store,,,
Tarzana,ChIJSzfwWiCZwoARmo8uvoxfa18,Tarzana,1,,34.1494848,-118.5506158,rec9ylSTNNUa4AfP1,9/23/2023 11:13am,9/25/2023 9:35pm,City/Neighborhood,,,
Tenkatori USA,ChIJX6XXhGa1woAROIlih2zlffE,Tenkatori USA,1,,33.8720352,-118.30776,recEgkNomgCU7L2RM,2/20/2024 7:37pm,2/20/2024 7:37pm,,,Ella,"This fried-chicken joint is hidden in the food court of Tokyo Central, a Japanese supermarket. I highly recommend the karaage, it's one of my favorite foods on the planet :)"
Thai Paradise,ChIJDcy3cl3FwoARrabMXBC7Qes,Thai Paradise,1,,34.0635223,-118.134552,recnmd2JlV3vepi72,2/20/2024 7:31pm,2/20/2024 7:31pm,,,Nathan,I used to go there with my family and it tasted very great
Thailicious,ChIJWTwqUKkt3YARv3vBZsfnisc,Thailicious,1,,33.8595894,-118.0721556,recMrj5indkYw8FGq,3/6/2024 9:46pm,3/6/2024 9:46pm,,,Ella,Thailicious has the most delicious Pad Thai and has pretty decent prices. I highly recommend checking them out!!
Thanh Tam Bakery,ChIJ3ZX2C-4n3YARqkJM7LannbY,Thanh Tam Bakery,1,1,33.7583333,-117.9380556,recroS3Lbyt9imVJW,3/6/2024 9:47pm,3/6/2024 9:47pm,,,Ella,Thanh Tam has been my family's go-to banh mi (Vietnamese sandwich) place for years. The sandwiches are cheap and delicious!!
The Commons at Calabasas,ChIJL5oNqWuewoARlAib2UV9ew8,The Commons at Calabasas,1,,34.153653,-118.6457892,recHpneIsa8I9Enuu,9/18/2023 2:14pm,9/25/2023 9:33pm,Mall/Shopping Area,,,
The Culver Steps,ChIJYwe1X4m7woARY9am5WBfVqg,The Culver Steps,1,,34.02426910000001,-118.3937149,rec64rsfgsYlkpoXG,2/29/2024 11:20pm,2/29/2024 11:20pm,,,Miles,Hangout with friends and girls
The Getty,ChIJbzYnQte8woARJaqqFVpKeNo,The Getty,1,,34.0780358,-118.4740954,recdpy03tcmmAAj2c,9/23/2023 11:21am,9/25/2023 9:37pm,Museum,,,
The Getty,ChIJbzYnQte8woARJaqqFVpKeNo,Getty Center,1,,34.0780358,-118.4740954,recTlpxTbewWr2wCr,3/12/2024 2:18pm,3/12/2024 2:18pm,,,Trez,art ig
The Getty Villa,ChIJBw1wGumjwoARsKRsr2WJ-eQ,J. Paul Getty Museum,1,,34.0458857,-118.5648608,recUIJBkdiguqbZC8,2/20/2024 7:34pm,2/20/2024 7:34pm,,,Esmeralda,I love going there because its filled with nature and best of all there are amazing pieces of art work.
The Grove,ChIJwwPTwi-5woARbtuI_49vkMM,The Grove,1,,34.0719407,-118.3575164,recRvto4WRwFKp4wo,3/12/2024 4:52pm,3/12/2024 4:52pm,,,Franki,"Great place to hang out with friends, shop, eat, and meet new people!"
The Hat,ChIJffk4AEHDwoARF2GQ-f92cso,The Hat,1,,34.1544454,-118.1326691,recBkuTIWjeO0iH8X,9/23/2023 11:19am,9/25/2023 9:39pm,Food,,,
The Last Bookstore,ChIJ7YJ_IkrGwoARNak4CDihkYU,The Last Bookstore,1,,34.04769639999999,-118.2498964,recnTDhCsx01jFfdP,3/5/2024 8:16am,3/5/2024 8:16am,,,Milo Drake ,it's a wonderful and extensive experience! fun photo ops and lots of books to look at!
The Los Angeles Museum of Love,ChIJRyaKoUXHwoARh9-j8fqY7eU,The Los Angeles Museum of Love,1,,34.083383,-118.2948692,recxuH0kaAscxcBa0,3/13/2024 3:52pm,3/13/2024 3:52pm,,,Tatiana,Art
The OP Cafe,ChIJNXnoXhu7woAR8itd_F4l4us,The OP Cafe,1,,34.021001,-118.4525772,recpRVYx5fMk21aFh,3/5/2024 8:15am,3/5/2024 8:15am,,,Milo Drake ,Their pancakes are delicious! they have an extensive menu and it's in a great location-its by a nice park and the Santa Monica airport.
The Queen Mary,ChIJlWtAnNgw3YARNP74lzYz21U,The Queen Mary,1,,33.7526356,-118.1903235,recLHFdNxnD2nzF6k,2/20/2024 7:29pm,2/20/2024 7:29pm,,,Skye,Very nice area
The Shops at Santa Anita,ChIJ4YnG77zbwoARFQvP5LH-EVg,The Shops at Santa Anita,4,,34.1343827,-118.0515692,recPH9nthosqwL3lE,9/18/2023 2:13pm,9/25/2023 9:26pm,Museum,,,
The Strand,EiRUaGUgU3RyYW5kLCBNYW5oYXR0YW4gQmVhY2gsIENBLCBVU0EiLiosChQKEgkt-w7yk7PCgBHvpGPOrZuEqBIUChIJL2Ow4sWzwoARIEUV9NRRAwc,The Strand,1,,33.888676,-118.4140647,recpSMWkZI28jage7,2/29/2024 11:21pm,2/29/2024 11:21pm,,,Miles,Hanging out with friends
Three Spice Thai Kitchen,ChIJSwtIMHq1woARfX-xQWidN3M,Three Spice Thai Kitchen,1,,33.8818013,-118.3089646,recm9tvAG28WyAbW5,3/5/2024 9:51am,3/5/2024 9:51am,,,Jule Baughman,Great food with awesome people
Tierra Mia Coffee Drive Thru,ChIJn8cypV4x3YARo3-hoPZtHHQ,Tierra Mia Coffee Drive Thru,1,,33.7901061,-118.1875636,recebQIDndmlAYr1m,3/9/2024 7:41am,3/9/2024 7:41am,,,Maria,Food is ALWAYS so yummy
Tijuana's Tacos,ChIJEwhEoOEtw4AREgUw6GtCl8Q,Tijuana's Tacos,1,,34.0623868,-117.7566232,rechn1e9kwXSbRFmA,9/23/2023 11:18am,9/25/2023 9:40pm,Food,,,
Toasted,ChIJFW7qJ0frwoARN8qLa5XswoE,Toasted,1,,34.2063673,-118.2314254,recac1EdyBS4pnvUU,2/20/2024 7:33pm,2/20/2024 7:33pm,,,Joanne,It’s a really clean and fresh local restaurant that has an enjoyable and relaxing aura
Toluca Lake,ChIJHeib5jO-woARekf-TO20oyE,Toluca Lake,1,,34.1501794,-118.3549609,recQKfjAAkpaUkXeA,9/18/2023 2:13pm,9/25/2023 9:32pm,City/Neighborhood,,,
Topgolf,ChIJxfvJJAGxwoARm0f0v4rnJyo,Topgolf,1,,33.9102637,-118.3943333,recsVtzMQUZeA3R8c,3/5/2024 8:53am,3/5/2024 8:53am,,,Amelie,"It has really good food! Not joking here, along with playing golf too!"
Torrance Beach,ChIJI0d3A1lL3YARXHa0iEQprQk,Torrance Beach,1,,33.8132946,-118.3896552,rec0nuFEFzElHt3Bi,9/23/2023 11:12am,9/25/2023 9:34pm,Beach/Pier,,,
Torrance High School,ChIJt3vN9rhK3YARtFzYPwmgEzc,Torrance High School,1,,33.83081800000001,-118.3212898,recefastDXl8CL5Mt,9/23/2023 11:17am,9/25/2023 9:41pm,School,,,
Toyota Sports Performance Center,ChIJbeJwgSu1woARycP3wwUyysQ,Toyota Sports Performance Center,1,,33.921695,-118.3883489,recjfETFwJjqvZbai,2/20/2024 7:32pm,2/20/2024 7:32pm,,,Miles,I love ice skating
Trader Joe's,ChIJqdUPZsnAwoARK02SOqchG8Q,Trader Joe's,1,,34.1077921,-118.2717774,recciegxbRPnV160q,3/13/2024 3:54pm,3/13/2024 3:54pm,,,Ruby Velasco ,It has the best healthy and clean foods that are important for our nutrition
Troubadour,ChIJNVqFkqi-woARYLAyw3a0N4k,The Troubadour,1,,34.0816324,-118.3893421,recAb4FiQf9vvRJhn,9/23/2023 11:14am,9/25/2023 9:45pm,Entertainment Venue,,,
Two Harbors,ChIJn0C3U8Vn3YARbJBVsZv4d0M,Two Harbors,1,,33.44,-118.49833,recWPrBxHJ5yOpWCG,9/23/2023 11:19am,9/25/2023 9:57pm,Island,Catalina,,
Universal CityWalk Hollywood,ChIJdzBcVka-woARXKXAmSS8NW4,Universal CityWalk Hollywood,1,,34.1361697,-118.3537322,recIXGgDsyuzeF29z,3/12/2024 1:53pm,3/12/2024 1:53pm,,,Paris ,There’s a lot of stores
Universal Studios Hollywood,ChIJzzgyJU--woARcZqceSdQ3dM,Universal Studios Hollywood,7,,34.13811680000001,-118.3533783,reckOrduLF1yxn4UP,9/23/2023 11:12am,9/25/2023 9:26pm,Amusement Park,,,
"University of California, Los Angeles",ChIJZQ9c8IW8woARN0gTXFiTqSU,UCLA,2,,34.0699182,-118.4438495,recoQSzr9ojfdSOEZ,9/23/2023 11:17am,9/25/2023 9:32pm,School,,,
University of La Verne,ChIJ4b2qp00uw4ARfepBep1ZQ8E,University of La Verne,1,,34.1002277,-117.7715774,recVNhO7ebCA2Xz0w,2/20/2024 7:32pm,2/20/2024 7:32pm,,,Bryce,"Pleasant Atmosphere, lots of surrounding food"
Urth Caffe,ChIJF1qcgTvGwoARn7ujAJGHC1Y,Urth Caffe,1,,34.04193769999999,-118.235274,recxMiLUxRPOPFKVP,2/20/2024 7:31pm,2/20/2024 7:31pm,,,bella,"yummy food, cool picture spot and a park is next to it."
USC Village,ChIJeawyT4bHwoARNqQderaTgJM,USC Village,1,,34.0250132,-118.2853451,recXxocbkh5zKWHTs,2/20/2024 7:39pm,2/20/2024 7:39pm,,,London ,"It’s a beautiful and cozy little Shopping place. It has stores like Target, Trader Joe’s "
USC Viterbi School of Engineering,ChIJLTznYfvHwoARKXuvMlgK_eY,USC Viterbi School of Engineering,1,,34.0206453,-118.2895082,recTri27UpzrGvi6w,9/23/2023 11:19am,9/25/2023 9:39pm,School,,,
Valley Village,ChIJRVAs-vuVwoARZib9HQ1JZsM,Valley Village,1,,34.1633045,-118.3841777,recMiaS2jAHaqZVLE,9/23/2023 12:01pm,9/25/2023 9:37pm,City/Neighborhood,,,
Van Nuys,ChIJa-i6-hqXwoARSIjZDHu_cMg,Van Nuys,2,,34.1898566,-118.451357,recWnTGJJqa45umz9,9/23/2023 10:22am,9/25/2023 9:28pm,City/Neighborhood,,,
Venice Beach,ChIJ512buqS6woAReLLWQupEX2A,Venice Beach,1,,33.9932584,-118.480598,recXw72vUlbv5dOiZ,2/29/2024 11:24pm,2/29/2024 11:24pm,,,Miles,I love the beach
Walter Reed Middle School,ChIJ72XwLAK-woARuPQt_RYcJH4,Walter Reed Middle School,1,,34.1529676,-118.3860492,recQRpffvNh7WBMY4,9/23/2023 11:12am,9/25/2023 9:33pm,School,,,
West Olympic Boulevard,EiRXIE9seW1waWMgQmx2ZCwgTG9zIEFuZ2VsZXMsIENBLCBVU0EiLiosChQKEgkjyPsxBLnCgBH7TifbU58xHBIUChIJz-A_k1nHwoARloiyHDKVAm8,West Olympic Boulevard,1,,34.0551953,-118.3273871,recQlKEdhrWwcQSly,9/23/2023 11:14am,9/25/2023 9:54pm,City/Neighborhood,,,
Westfield Century City,ChIJhcGq9Iy7woARs8VXy7WsEZ0,Westfield Century City,1,,34.0586592,-118.4190309,recLXtRlfZTAxDB2w,3/6/2024 8:00am,3/6/2024 8:00am,,,Phoenix,It has so many stores and restaurants that i like
Westfield Topanga,ChIJNdePchicwoAR-ILRf9WvVmk,Westfield Topanga,2,,34.1901855,-118.6038464,recHlO5ipXS4P41Xx,9/18/2023 2:13pm,9/25/2023 9:28pm,Mall/Shopping Area,,,
Westwood,ChIJecf92oa8woARVlNT9X_x42M,Westwood,1,,34.0635016,-118.4455164,rec1MthOzeABArbHG,9/23/2023 11:14am,9/25/2023 9:36pm,City/Neighborhood,,,
Westwood Recreation Center,ChIJ3wqivHu7woARGhrujJfS6DE,Westwood Recreation Center,1,,34.0532429,-118.4484711,rec0h7JEImsvIxM2Q,9/23/2023 11:23am,9/25/2023 9:38pm,Nature Park,,,
Westwood Village,ChIJcYwTcIG8woARuraTYAMDvHk,Westwood Village,1,,34.0617664,-118.4447863,reclZnH3vk2KA4NhW,3/8/2024 12:49pm,3/8/2024 12:49pm,,,Riley,Great food and lovely people
Whittier,ChIJ94d6VYbTwoARWiRAwUd9qCc,Whittier,1,,33.9791793,-118.032844,recDUlgPw21M9cWbs,9/23/2023 11:14am,9/25/2023 9:35pm,City/Neighborhood,,,
Whittier Boulevard,EiBXaGl0dGllciBCbHZkLCBXaGl0dGllciwgQ0EsIFVTQSIuKiwKFAoSCffPLcfG08KAEadY086uliDSEhQKEgn3h3pVhtPCgBFaJEDBR32oJw,Whittier Blvd,1,,33.9610971,-118.0291903,recSFGi1vRfwitjbz,2/20/2024 7:34pm,2/20/2024 7:34pm,,,West,"I love going to the bridge that runs over the tracks leaving union Station and watching trains go by   I feel alone, protected, but not completely alone. (Obv) I feel like I'm stuck in the 60s kinda, and the people driving by see me as a stamp of the past. (I'm not crazy I swear.)"
William S. Hart Union High School District,ChIJJdTCkLN9woARDKVMnTtbx1k,William S. Hart Union High School District,1,,34.4853987,-118.5331038,recyJLgWX4dQMIjGh,9/23/2023 11:15am,9/25/2023 9:42pm,School,,,
Wiseburn Library,ChIJwY28-h60woAR5Tvl27anb90,Wiseburn Library,1,,33.9097953,-118.3735339,recntCQ95YkjE4D9V,3/8/2024 12:50pm,3/8/2024 12:50pm,,,Caroline,I like checking out books
Woodland Hills,ChIJVfY28eyewoARiBIkRG5Qhvo,Woodland Hills,1,,34.165357,-118.6089752,recisYNEU0IeiWyrs,9/23/2023 11:12am,9/25/2023 9:33pm,City/Neighborhood,,,
Yellow Vase,ChIJ1aLTV1dL3YARPad_83DRygA,Yellow Vase,1,,33.8166382,-118.3876221,recD2ENLdYjfY43DL,3/14/2024 9:46am,3/14/2024 9:46am,,,Sarai,The paninis are so good and the atmosphere of the café is chef’s kiss!
Yogurtland Compton,ChIJUYpMX27LwoARcUIEowVu21M,Yogurtland Compton,1,,33.8963721,-118.2216246,recFKY74DI4IDRsSs,3/13/2024 2:10pm,3/13/2024 2:10pm,,,Amelie ,The staff are so nice/ welcoming and they always have fresh fruits.
Yogurtland The Market Place,ChIJGzypYoDb3IARYsaSkdh7XfY,Yogurtland The Market Place,1,1,33.727438,-117.786456,recRPoJRFlO3GzkPx,3/13/2024 3:55pm,3/13/2024 3:55pm,,,Ruby Velasco,I live yogurtland
Yuzu Shabu ,ChIJKViWjp8t3YARp-Twfsrgfj4,Yuzu Shabu ,1,,33.8571849,-118.089175,recSN2uJ2vXAv5Hcw,3/14/2024 9:47am,3/14/2024 9:47am,,,Sarai ,Best hotpot place I’ve ever been to. You have to try the All You Can Eat!
Zuma Beach,ChIJZxH9JkIY6IARIy-IeDUyvIo,Zuma Beach,1,,34.0218023,-118.8311897,recLHeOKimZl5wzqz,2/20/2024 7:30pm,2/20/2024 7:30pm,,,Noah Weintraub,I like going to this beach because it is so peaceful and the the waves there are amazing to surf.
